{"v":"5.5.7","meta":{"g":"LottieFiles AE 0.1.20","a":"","k":"","d":"","tc":"none"},"fr":48,"ip":0,"op":144,"w":500,"h":500,"nm":"Call ringing","ddd":0,"assets":[],"layers":[{"ddd":0,"ind":1,"ty":4,"nm":"Vector","sr":1,"ks":{"o":{"a":0,"k":100,"ix":11},"r":{"a":0,"k":0,"ix":10},"p":{"a":1,"k":[{"i":{"x":0.667,"y":1},"o":{"x":0.333,"y":0},"t":20,"s":[250,250.661,0],"to":[0.333,0,0],"ti":[1.333,0,0]},{"i":{"x":0.667,"y":1},"o":{"x":0.333,"y":0},"t":22,"s":[252,250.661,0],"to":[-1.333,0,0],"ti":[0,0,0]},{"i":{"x":0.667,"y":1},"o":{"x":0.333,"y":0},"t":24,"s":[242,250.661,0],"to":[0,0,0],"ti":[0,0,0]},{"i":{"x":0.667,"y":1},"o":{"x":0.333,"y":0},"t":26,"s":[252,250.661,0],"to":[0,0,0],"ti":[0,0,0]},{"i":{"x":0.667,"y":1},"o":{"x":0.333,"y":0},"t":28,"s":[242,250.661,0],"to":[0,0,0],"ti":[0,0,0]},{"i":{"x":0.667,"y":1},"o":{"x":0.333,"y":0},"t":30,"s":[252,250.661,0],"to":[0,0,0],"ti":[0,0,0]},{"i":{"x":0.667,"y":1},"o":{"x":0.333,"y":0},"t":32,"s":[242,250.661,0],"to":[0,0,0],"ti":[0,0,0]},{"i":{"x":0.667,"y":1},"o":{"x":0.333,"y":0},"t":34,"s":[252,250.661,0],"to":[0,0,0],"ti":[0.333,0,0]},{"i":{"x":0.667,"y":1},"o":{"x":0.333,"y":0},"t":36,"s":[242,250.661,0],"to":[-0.333,0,0],"ti":[-1.333,0,0]},{"t":38,"s":[250,250.661,0]}],"ix":2},"a":{"a":0,"k":[0,0,0],"ix":1},"s":{"a":1,"k":[{"i":{"x":[0.667,0.667,0.667],"y":[1,1,1]},"o":{"x":[0.333,0.333,0.333],"y":[0,0,0]},"t":0,"s":[750,750,100]},{"i":{"x":[0.648,0.648,0.648],"y":[2.633,2.633,1]},"o":{"x":[0.304,0.304,0.304],"y":[0,0,0]},"t":20,"s":[800,800,100]},{"i":{"x":[0.667,0.667,0.667],"y":[1,1,1]},"o":{"x":[0.401,0.401,0.401],"y":[0.041,0.041,0]},"t":38,"s":[800,800,100]},{"t":58,"s":[750,750,100]}],"ix":6}},"ao":0,"shapes":[{"ty":"gr","it":[{"ind":0,"ty":"sh","ix":1,"ks":{"a":0,"k":{"i":[[0.001,0.279],[0,0],[0.317,0.374],[0.486,0.069],[0.907,0.339],[0.374,-0.08],[0.272,-0.269],[0,0],[1.424,2.504],[0,0],[-0.08,0.374],[0.135,0.358],[0.127,0.96],[0.368,0.316],[0.485,-0.005],[0,0],[0.254,-0.112],[0.187,-0.205],[0.089,-0.263],[-0.025,-0.277],[-1.69,-2.609],[-2.416,-1.535],[-3.077,-0.334],[-0.264,0.089],[-0.205,0.188],[-0.112,0.255]],"o":[[0,0],[0.012,-0.49],[-0.317,-0.374],[-0.96,-0.127],[-0.358,-0.135],[-0.374,0.08],[0,0],[-2.504,-1.424],[0,0],[0.269,-0.272],[0.08,-0.374],[-0.339,-0.907],[-0.068,-0.481],[-0.368,-0.316],[0,0],[-0.278,0],[-0.254,0.112],[-0.187,0.205],[-0.089,0.263],[0.328,3.091],[1.535,2.416],[2.597,1.684],[0.277,0.025],[0.264,-0.089],[0.205,-0.188],[0.112,-0.255]],"v":[[9.944,7.956],[9.944,4.956],[9.47,3.613],[8.224,2.926],[5.414,2.226],[4.293,2.142],[3.304,2.676],[2.034,3.946],[-3.966,-2.054],[-2.696,-3.324],[-2.162,-4.313],[-2.246,-5.434],[-2.946,-8.244],[-3.622,-9.48],[-4.946,-9.964],[-7.946,-9.964],[-8.752,-9.793],[-9.421,-9.312],[-9.84,-8.602],[-9.936,-7.784],[-6.866,0.886],[-0.866,6.886],[7.764,9.956],[8.585,9.859],[9.296,9.438],[9.776,8.765]],"c":true},"ix":2},"nm":"Path 1","mn":"ADBE Vector Shape - Group","hd":false},{"ty":"st","c":{"a":0,"k":[1,1,1],"ix":3},"o":{"a":0,"k":100,"ix":4},"w":{"a":0,"k":1.5,"ix":5},"lc":2,"lj":2,"bm":0,"nm":"Stroke 1","mn":"ADBE Vector Graphic - Stroke","hd":false},{"ty":"tr","p":{"a":0,"k":[0,0],"ix":2},"a":{"a":0,"k":[0,0],"ix":1},"s":{"a":0,"k":[100,100],"ix":3},"r":{"a":0,"k":0,"ix":6},"o":{"a":0,"k":100,"ix":7},"sk":{"a":0,"k":0,"ix":4},"sa":{"a":0,"k":0,"ix":5},"nm":"Transform"}],"nm":"Vector","np":2,"cix":2,"bm":0,"ix":1,"mn":"ADBE Vector Group","hd":false}],"ip":0,"op":240,"st":0,"bm":0},{"ddd":0,"ind":2,"ty":4,"nm":"Shape Layer 3","sr":1,"ks":{"o":{"a":1,"k":[{"i":{"x":[0.667],"y":[1]},"o":{"x":[1],"y":[0.28]},"t":0,"s":[0]},{"i":{"x":[0.667],"y":[1]},"o":{"x":[0.333],"y":[0]},"t":20,"s":[16]},{"i":{"x":[0],"y":[1]},"o":{"x":[0.333],"y":[0]},"t":38,"s":[16]},{"t":58,"s":[0]}],"ix":11},"r":{"a":0,"k":0,"ix":10},"p":{"a":0,"k":[251.904,242.904,0],"ix":2},"a":{"a":0,"k":[0,0,0],"ix":1},"s":{"a":1,"k":[{"i":{"x":[0.514,0.514,0.667],"y":[1,1,1]},"o":{"x":[0.986,0.986,0.333],"y":[0.003,0.003,0]},"t":0,"s":[11,11,100]},{"i":{"x":[0.667,0.667,0.667],"y":[1,1,1]},"o":{"x":[1,1,0.333],"y":[0.245,0.245,0]},"t":20,"s":[100,100,100]},{"i":{"x":[0,0,0.833],"y":[1,1,1]},"o":{"x":[0.519,0.519,0.333],"y":[0,0,0]},"t":38,"s":[100,100,100]},{"t":58,"s":[11,11,100]}],"ix":6}},"ao":0,"shapes":[{"ty":"gr","it":[{"d":1,"ty":"el","s":{"a":0,"k":[328.191,328.191],"ix":2},"p":{"a":0,"k":[0,0],"ix":3},"nm":"Ellipse Path 1","mn":"ADBE Vector Shape - Ellipse","hd":false},{"ty":"fl","c":{"a":0,"k":[1,1,1],"ix":4},"o":{"a":0,"k":100,"ix":5},"r":1,"bm":0,"nm":"Fill 1","mn":"ADBE Vector Graphic - Fill","hd":false},{"ty":"tr","p":{"a":0,"k":[-0.823,7.111],"ix":2},"a":{"a":0,"k":[0,0],"ix":1},"s":{"a":0,"k":[100,100],"ix":3},"r":{"a":0,"k":0,"ix":6},"o":{"a":0,"k":100,"ix":7},"sk":{"a":0,"k":0,"ix":4},"sa":{"a":0,"k":0,"ix":5},"nm":"Transform"}],"nm":"Ellipse 1","np":3,"cix":2,"bm":0,"ix":1,"mn":"ADBE Vector Group","hd":false}],"ip":0,"op":144,"st":0,"bm":0}],"markers":[]}