{"v":"5.9.4","fr":24,"ip":0,"op":192,"w":281,"h":262,"nm":"Map_language","ddd":0,"assets":[{"id":"comp_0","nm":"hello_US","fr":24,"layers":[{"ddd":0,"ind":1,"ty":4,"nm":"Layer 8","sr":1,"ks":{"o":{"a":0,"k":100,"ix":11},"r":{"a":0,"k":0,"ix":10},"p":{"a":0,"k":[177,232.75,0],"ix":2,"l":2},"a":{"a":0,"k":[24.76,13.515,0],"ix":1,"l":2},"s":{"a":1,"k":[{"i":{"x":[0.667,0.667,0.667],"y":[1,1,1]},"o":{"x":[0.333,0.333,0.333],"y":[0,0,0]},"t":8,"s":[0,0,100]},{"i":{"x":[0.667,0.667,0.667],"y":[1,1,1]},"o":{"x":[0.333,0.333,0.333],"y":[0,0,0]},"t":12,"s":[180,180,100]},{"i":{"x":[0.667,0.667,0.667],"y":[1,1,1]},"o":{"x":[0.333,0.333,0.333],"y":[0,0,0]},"t":15,"s":[150,150,100]},{"i":{"x":[0.667,0.667,0.667],"y":[1,1,1]},"o":{"x":[0.333,0.333,0.333],"y":[0,0,0]},"t":17,"s":[155,155,100]},{"i":{"x":[0.667,0.667,0.667],"y":[1,1,1]},"o":{"x":[0.333,0.333,0.333],"y":[0,0,0]},"t":18,"s":[150,150,100]},{"i":{"x":[0.667,0.667,0.667],"y":[1,1,1]},"o":{"x":[0.333,0.333,0.333],"y":[0,0,0]},"t":35,"s":[150,150,100]},{"i":{"x":[0.667,0.667,0.667],"y":[1,1,1]},"o":{"x":[0.333,0.333,0.333],"y":[0,0,0]},"t":36,"s":[180,180,100]},{"t":42,"s":[0,0,100]}],"ix":6,"l":2}},"ao":0,"shapes":[{"ty":"gr","it":[{"ind":0,"ty":"sh","ix":1,"ks":{"a":0,"k":{"i":[[0.583,-0.554],[-3.259,0.902],[-0.412,-0.073],[0.053,-0.643],[0.681,-0.003],[-0.806,0.003],[0.239,2.494],[1.873,-0.598],[-0.985,-1.865],[-1.711,1.624]],"o":[[-3.204,3.042],[0.398,-0.11],[0.515,0.092],[-0.084,1.041],[-0.805,0.003],[1.509,-0.006],[-0.218,-2.282],[-2.292,0.731],[1.156,2.189],[0.584,-0.555]],"v":[[2.184,1.632],[-0.461,-2.933],[0.9,-3.024],[2.235,-1.726],[-0.943,-1.176],[-0.943,0.075],[3.481,-1.765],[-1.042,-4.076],[-2.624,1.743],[3.067,2.516]],"c":true},"ix":2},"nm":"Path 1","mn":"ADBE Vector Shape - Group","hd":false},{"ty":"fl","c":{"a":0,"k":[1,1,1],"ix":4},"o":{"a":0,"k":100,"ix":5},"r":1,"bm":0,"nm":"Fill 1","mn":"ADBE Vector Graphic - Fill","hd":false},{"ty":"tr","p":{"a":0,"k":[20.48,13.813],"ix":2},"a":{"a":0,"k":[0,0],"ix":1},"s":{"a":0,"k":[100,100],"ix":3},"r":{"a":0,"k":0,"ix":6},"o":{"a":0,"k":100,"ix":7},"sk":{"a":0,"k":0,"ix":4},"sa":{"a":0,"k":0,"ix":5},"nm":"Transform"}],"nm":"Group 1","np":2,"cix":2,"bm":0,"ix":1,"mn":"ADBE Vector Group","hd":false},{"ty":"gr","it":[{"ind":0,"ty":"sh","ix":1,"ks":{"a":0,"k":{"i":[[0,0],[-0.096,0.243],[-0.214,0],[-0.084,-0.183],[0,-0.17],[0,0],[0,0],[-0.035,-0.206],[-0.06,-0.122],[-0.107,0],[-0.047,0.036],[-0.047,0.049],[-0.048,0.036],[-0.071,0],[-0.06,-0.17],[0,-0.183],[0.083,-0.146],[0.119,-0.11],[0.131,-0.061],[0.108,0],[0.239,0.353],[-0.012,0.657]],"o":[[0,-0.341],[0.096,-0.244],[0.156,0],[0.083,0.17],[0,0],[0,0],[0.012,0.255],[0.036,0.195],[0.071,0.122],[0.072,0],[0.06,-0.049],[0.048,-0.049],[0.059,-0.048],[0.167,0],[0.072,0.171],[0,0.182],[-0.084,0.134],[-0.108,0.097],[-0.131,0.048],[-0.561,0],[-0.238,-0.364],[0,0]],"v":[[-1.247,-5.01],[-1.104,-5.886],[-0.639,-6.251],[-0.28,-5.977],[-0.155,-5.467],[-0.262,2.582],[-0.262,3.349],[-0.191,4.042],[-0.047,4.517],[0.221,4.699],[0.4,4.645],[0.561,4.499],[0.705,4.371],[0.901,4.298],[1.242,4.553],[1.349,5.083],[1.224,5.575],[0.92,5.941],[0.561,6.178],[0.203,6.251],[-0.997,5.721],[-1.337,4.188]],"c":true},"ix":2},"nm":"Path 1","mn":"ADBE Vector Shape - Group","hd":false},{"ty":"fl","c":{"a":0,"k":[1,1,1],"ix":4},"o":{"a":0,"k":100,"ix":5},"r":1,"bm":0,"nm":"Fill 1","mn":"ADBE Vector Graphic - Fill","hd":false},{"ty":"tr","p":{"a":0,"k":[31.19,10.871],"ix":2},"a":{"a":0,"k":[0,0],"ix":1},"s":{"a":0,"k":[100,100],"ix":3},"r":{"a":0,"k":0,"ix":6},"o":{"a":0,"k":100,"ix":7},"sk":{"a":0,"k":0,"ix":4},"sa":{"a":0,"k":0,"ix":5},"nm":"Transform"}],"nm":"Group 2","np":2,"cix":2,"bm":0,"ix":2,"mn":"ADBE Vector Group","hd":false},{"ty":"gr","it":[{"ind":0,"ty":"sh","ix":1,"ks":{"a":0,"k":{"i":[[0,0],[-0.096,0.243],[-0.214,0],[-0.084,-0.183],[0,-0.17],[0,0],[0,0],[-0.035,-0.206],[-0.06,-0.122],[-0.107,0],[-0.047,0.036],[-0.047,0.049],[-0.048,0.036],[-0.071,0],[-0.06,-0.17],[0,-0.183],[0.083,-0.146],[0.119,-0.11],[0.131,-0.061],[0.108,0],[0.239,0.353],[-0.012,0.657]],"o":[[0,-0.341],[0.096,-0.244],[0.156,0],[0.083,0.17],[0,0],[0,0],[0.012,0.255],[0.036,0.195],[0.071,0.122],[0.072,0],[0.06,-0.049],[0.048,-0.049],[0.059,-0.048],[0.167,0],[0.072,0.171],[0,0.182],[-0.084,0.134],[-0.108,0.097],[-0.131,0.048],[-0.561,0],[-0.238,-0.364],[0,0]],"v":[[-1.247,-5.01],[-1.104,-5.886],[-0.639,-6.251],[-0.28,-5.977],[-0.155,-5.467],[-0.262,2.582],[-0.262,3.349],[-0.191,4.042],[-0.047,4.517],[0.221,4.699],[0.4,4.645],[0.561,4.499],[0.705,4.371],[0.901,4.298],[1.242,4.553],[1.349,5.083],[1.224,5.575],[0.92,5.941],[0.561,6.178],[0.203,6.251],[-0.997,5.721],[-1.337,4.188]],"c":true},"ix":2},"nm":"Path 1","mn":"ADBE Vector Shape - Group","hd":false},{"ty":"fl","c":{"a":0,"k":[1,1,1],"ix":4},"o":{"a":0,"k":100,"ix":5},"r":1,"bm":0,"nm":"Fill 1","mn":"ADBE Vector Graphic - Fill","hd":false},{"ty":"tr","p":{"a":0,"k":[27.19,10.871],"ix":2},"a":{"a":0,"k":[0,0],"ix":1},"s":{"a":0,"k":[100,100],"ix":3},"r":{"a":0,"k":0,"ix":6},"o":{"a":0,"k":100,"ix":7},"sk":{"a":0,"k":0,"ix":4},"sa":{"a":0,"k":0,"ix":5},"nm":"Transform"}],"nm":"Group 3","np":2,"cix":2,"bm":0,"ix":3,"mn":"ADBE Vector Group","hd":false},{"ty":"gr","it":[{"ind":0,"ty":"sh","ix":1,"ks":{"a":0,"k":{"i":[[0,0.462],[-0.203,0.536],[-0.334,0.329],[-0.418,0.146],[-0.429,0],[-0.549,-0.767],[0,-1.29],[0.191,-0.499],[0.311,-0.364],[0.406,-0.195],[0.417,0],[0.406,0.243],[0.31,0.389],[0.18,0.474]],"o":[[0,-0.767],[0.203,-0.535],[0.334,-0.34],[0.418,-0.158],[0.991,0],[0.549,0.754],[0,0.608],[-0.191,0.486],[-0.31,0.354],[-0.394,0.195],[-0.454,0],[-0.394,-0.256],[-0.299,-0.39],[-0.167,-0.487]],"v":[[-3.321,0.082],[-3.018,-1.871],[-2.212,-3.167],[-1.084,-3.897],[0.187,-4.134],[2.497,-2.984],[3.321,0.082],[3.035,1.743],[2.282,3.02],[1.209,3.842],[-0.008,4.134],[-1.299,3.769],[-2.355,2.802],[-3.071,1.506]],"c":true},"ix":2},"nm":"Path 1","mn":"ADBE Vector Shape - Group","hd":false},{"ind":1,"ty":"sh","ix":2,"ks":{"a":0,"k":{"i":[[-0.275,0],[-0.274,0.11],[-0.215,0.219],[-0.132,0.316],[0,0.414],[0.096,0.316],[0.167,0.22],[0.227,0.122],[0.263,0],[0.323,-0.109],[0.251,-0.207],[0.167,-0.316],[0,-0.401],[-0.119,-0.328],[-0.203,-0.256],[-0.263,-0.158]],"o":[[0.298,0],[0.287,-0.121],[0.227,-0.219],[0.131,-0.316],[0,-0.377],[-0.095,-0.317],[-0.167,-0.23],[-0.227,-0.121],[-0.31,0],[-0.31,0.097],[-0.251,0.194],[-0.155,0.304],[0,0.329],[0.119,0.317],[0.203,0.256],[0.263,0.146]],"v":[[-0.098,2.582],[0.76,2.418],[1.512,1.907],[2.05,1.104],[2.247,0.009],[2.104,-1.031],[1.709,-1.835],[1.118,-2.364],[0.385,-2.546],[-0.564,-2.382],[-1.406,-1.925],[-2.033,-1.159],[-2.265,-0.101],[-2.087,0.885],[-1.602,1.743],[-0.904,2.364]],"c":true},"ix":2},"nm":"Path 2","mn":"ADBE Vector Shape - Group","hd":false},{"ty":"mm","mm":1,"nm":"Merge Paths 1","mn":"ADBE Vector Filter - Merge","hd":false},{"ty":"fl","c":{"a":0,"k":[1,1,1],"ix":4},"o":{"a":0,"k":100,"ix":5},"r":1,"bm":0,"nm":"Fill 1","mn":"ADBE Vector Graphic - Fill","hd":false},{"ty":"tr","p":{"a":0,"k":[36.503,13.134],"ix":2},"a":{"a":0,"k":[0,0],"ix":1},"s":{"a":0,"k":[100,100],"ix":3},"r":{"a":0,"k":0,"ix":6},"o":{"a":0,"k":100,"ix":7},"sk":{"a":0,"k":0,"ix":4},"sa":{"a":0,"k":0,"ix":5},"nm":"Transform"}],"nm":"Group 4","np":4,"cix":2,"bm":0,"ix":4,"mn":"ADBE Vector Group","hd":false},{"ty":"gr","it":[{"ind":0,"ty":"sh","ix":1,"ks":{"a":0,"k":{"i":[[0,0.353],[-0.012,0.462],[0,0.377],[0.012,0.547],[0,0],[-0.071,0.511],[-0.263,0],[-0.12,-0.231],[0,-0.231],[0.012,-0.572],[0,0],[0,0],[0.012,0.389],[0,0],[0,0],[0,0],[-0.059,0.243],[-0.227,0],[-0.072,-0.28],[0,-0.535],[0,0],[0.012,-0.206],[0,0],[0,0],[0,-1.242],[0,-0.17],[0.108,-0.182],[0.191,0],[0.107,0.17],[-0.012,0.499],[0,0],[0,0],[0,0],[0.191,-0.012],[0.144,-0.013],[0.143,-0.012],[0,-0.439],[0,-0.255],[0,-0.109],[0,0],[0.167,-0.134],[0.119,0],[0.072,0.256]],"o":[[0,-0.584],[0.012,-0.463],[0,-0.62],[0,0],[0,-0.876],[0.072,-0.511],[0.131,0],[0.131,0.232],[0,0.535],[0,0],[0,0],[-0.012,-0.632],[0,0],[0,0],[0,0],[0.012,-0.341],[0.06,-0.244],[0.263,0],[0.083,0.28],[0,0],[0,0.098],[0,0],[0,0],[0,1.24],[0.012,0.669],[0,0.244],[-0.107,0.17],[-0.214,0],[-0.107,-0.17],[0,0],[0,0],[0,0],[-0.25,0],[-0.191,0],[-0.143,0.012],[0.012,0.706],[0.011,0.438],[0.011,0.255],[0,0],[-0.011,0.182],[-0.155,0.134],[-0.239,0],[-0.059,-0.268]],"v":[[-3.294,3.841],[-3.277,2.273],[-3.258,1.012],[-3.277,-0.74],[-3.277,-2.273],[-3.169,-4.354],[-2.667,-5.12],[-2.292,-4.773],[-2.094,-4.079],[-2.113,-2.419],[-2.113,-0.777],[2.077,-0.777],[2.042,-2.309],[2.042,-3.24],[2.042,-3.732],[2.042,-3.934],[2.148,-4.809],[2.578,-5.174],[3.081,-4.755],[3.206,-3.533],[3.206,-3.258],[3.188,-2.803],[3.188,-1.999],[3.188,-0.702],[3.277,3.02],[3.294,4.279],[3.133,4.919],[2.686,5.174],[2.202,4.919],[2.059,3.915],[2.113,0.867],[0.43,0.867],[-0.52,0.867],[-1.182,0.885],[-1.684,0.904],[-2.113,0.939],[-2.094,2.656],[-2.077,3.695],[-2.06,4.242],[-2.06,4.48],[-2.327,4.954],[-2.74,5.156],[-3.206,4.773]],"c":true},"ix":2},"nm":"Path 1","mn":"ADBE Vector Shape - Group","hd":false},{"ty":"fl","c":{"a":0,"k":[1,1,1],"ix":4},"o":{"a":0,"k":100,"ix":5},"r":1,"bm":0,"nm":"Fill 1","mn":"ADBE Vector Graphic - Fill","hd":false},{"ty":"tr","p":{"a":0,"k":[12.761,11.771],"ix":2},"a":{"a":0,"k":[0,0],"ix":1},"s":{"a":0,"k":[100,100],"ix":3},"r":{"a":0,"k":0,"ix":6},"o":{"a":0,"k":100,"ix":7},"sk":{"a":0,"k":0,"ix":4},"sa":{"a":0,"k":0,"ix":5},"nm":"Transform"}],"nm":"Group 5","np":2,"cix":2,"bm":0,"ix":5,"mn":"ADBE Vector Group","hd":false},{"ty":"gr","it":[{"ind":0,"ty":"sh","ix":1,"ks":{"a":0,"k":{"i":[[1.62,0.391],[0.447,0.168],[0.391,1.506],[0,2.454],[-5.472,0],[0,0],[0,-6.973],[5.137,0],[0,0],[0.279,-0.613],[0,0],[0.391,0.613],[0,0],[0.782,0],[1.396,-0.056]],"o":[[-0.447,-0.112],[-1.675,-0.613],[-0.558,-2.398],[0,-7.028],[0,0],[6.645,0],[0,7.027],[0,0],[-0.726,0],[0,0],[-0.335,0.669],[0,0],[-0.391,-0.614],[-1.451,-0.056],[-1.619,0.111]],"v":[[-19.849,8.004],[-21.133,7.613],[-23.925,3.932],[-24.428,-3.43],[-18.062,-13.135],[17.782,-13.358],[24.483,-1.31],[19.011,8.171],[3.946,7.725],[2.327,8.673],[0.428,12.633],[-1.358,12.745],[-3.759,8.952],[-5.546,8.06],[-15.768,8.227]],"c":true},"ix":2},"nm":"Path 1","mn":"ADBE Vector Shape - Group","hd":false},{"ty":"fl","c":{"a":0,"k":[0,0,0],"ix":4},"o":{"a":0,"k":100,"ix":5},"r":1,"bm":0,"nm":"Fill 1","mn":"ADBE Vector Graphic - Fill","hd":false},{"ty":"tr","p":{"a":0,"k":[24.733,13.608],"ix":2},"a":{"a":0,"k":[0,0],"ix":1},"s":{"a":0,"k":[100,100],"ix":3},"r":{"a":0,"k":0,"ix":6},"o":{"a":0,"k":100,"ix":7},"sk":{"a":0,"k":0,"ix":4},"sa":{"a":0,"k":0,"ix":5},"nm":"Transform"}],"nm":"Group 6","np":2,"cix":2,"bm":0,"ix":6,"mn":"ADBE Vector Group","hd":false}],"ip":0,"op":42,"st":0,"ct":1,"bm":0},{"ddd":0,"ind":2,"ty":4,"nm":"rings 3","sr":1,"ks":{"o":{"a":0,"k":100,"ix":11},"r":{"a":0,"k":0,"ix":10},"p":{"a":0,"k":[176.291,253.143,0],"ix":2,"l":2},"a":{"a":0,"k":[10.009,2.795,0],"ix":1,"l":2},"s":{"a":1,"k":[{"i":{"x":[0.667,0.667,0.667],"y":[1,1,1]},"o":{"x":[0.333,0.333,0.333],"y":[0,0,0]},"t":0,"s":[0,0,100]},{"i":{"x":[0.667,0.667,0.667],"y":[1,1,1]},"o":{"x":[0.333,0.333,0.333],"y":[0,0,0]},"t":4,"s":[180,180,100]},{"i":{"x":[0.667,0.667,0.667],"y":[1,1,1]},"o":{"x":[0.333,0.333,0.333],"y":[0,0,0]},"t":7,"s":[150,150,100]},{"i":{"x":[0.667,0.667,0.667],"y":[1,1,1]},"o":{"x":[0.333,0.333,0.333],"y":[0,0,0]},"t":9,"s":[155,155,100]},{"i":{"x":[0.667,0.667,0.667],"y":[1,1,1]},"o":{"x":[0.333,0.333,0.333],"y":[0,0,0]},"t":10,"s":[150,150,100]},{"i":{"x":[0.667,0.667,0.667],"y":[1,1,1]},"o":{"x":[0.333,0.333,0.333],"y":[0,0,0]},"t":27,"s":[150,150,100]},{"i":{"x":[0.667,0.667,0.667],"y":[1,1,1]},"o":{"x":[0.333,0.333,0.333],"y":[0,0,0]},"t":28,"s":[180,180,100]},{"t":34,"s":[0,0,100]}],"ix":6,"l":2}},"ao":0,"shapes":[{"ty":"gr","it":[{"ind":0,"ty":"sh","ix":1,"ks":{"a":0,"k":{"i":[[0.044,-0.047],[-0.387,-0.183],[-0.836,-0.144],[-2.169,0],[-1.507,0.306],[-0.385,0.218],[-0.046,0.164],[0,0],[0.004,0.007],[0.194,0.103],[0.878,0.144],[2.55,0],[1.531,-0.358],[0.351,-0.198]],"o":[[0.049,0.092],[0.462,0.218],[1.664,0.286],[2.675,0],[0.755,-0.152],[0.387,-0.217],[0.002,-0.006],[0,0],[-0.026,-0.039],[-0.387,-0.205],[-1.737,-0.287],[-2.529,0],[-0.771,0.181],[-0.149,0.085]],"v":[[-8.58,0.003],[-8.002,0.436],[-6.035,0.981],[-0.016,1.377],[6.302,0.94],[8.006,0.38],[8.585,-0.209],[8.588,-0.216],[8.583,-0.224],[8.284,-0.449],[6.374,-0.981],[-0.351,-1.377],[-6.611,-0.782],[-8.301,-0.199]],"c":true},"ix":2},"nm":"Path 1","mn":"ADBE Vector Shape - Group","hd":false},{"ind":1,"ty":"sh","ix":2,"ks":{"a":0,"k":{"i":[[-0.811,0.19],[-2.586,0],[-1.827,-0.302],[-0.55,-0.293],[-0.175,-0.268],[0.102,-0.358],[0.527,-0.297],[0.807,-0.163],[2.692,0],[1.753,0.302],[0.594,0.28],[0.114,0.673],[0,0],[-0.172,0.217],[-0.241,0.137]],"o":[[1.634,-0.383],[2.564,0],[0.904,0.149],[0.276,0.146],[0.193,0.294],[-0.163,0.577],[-0.529,0.298],[-1.617,0.328],[-2.191,0],[-0.873,-0.15],[-0.561,-0.265],[0,0],[-0.055,-0.341],[0.163,-0.208],[0.485,-0.275]],"v":[[-6.858,-1.921],[-0.351,-2.545],[6.55,-2.135],[8.795,-1.489],[9.512,-0.88],[9.663,0.121],[8.542,1.408],[6.517,2.087],[-0.016,2.545],[-6.218,2.133],[-8.467,1.5],[-9.709,0.145],[-9.71,0.139],[-9.47,-0.713],[-8.839,-1.224]],"c":true},"ix":2},"nm":"Path 2","mn":"ADBE Vector Shape - Group","hd":false},{"ty":"mm","mm":1,"nm":"Merge Paths 1","mn":"ADBE Vector Filter - Merge","hd":false},{"ty":"fl","c":{"a":0,"k":[1,1,1],"ix":4},"o":{"a":0,"k":100,"ix":5},"r":1,"bm":0,"nm":"Fill 1","mn":"ADBE Vector Graphic - Fill","hd":false},{"ty":"tr","p":{"a":0,"k":[10.015,2.795],"ix":2},"a":{"a":0,"k":[0,0],"ix":1},"s":{"a":0,"k":[100,100],"ix":3},"r":{"a":0,"k":0,"ix":6},"o":{"a":0,"k":100,"ix":7},"sk":{"a":0,"k":0,"ix":4},"sa":{"a":0,"k":0,"ix":5},"nm":"Transform"}],"nm":"Group 1","np":4,"cix":2,"bm":0,"ix":1,"mn":"ADBE Vector Group","hd":false},{"ty":"gr","it":[{"ind":0,"ty":"sh","ix":1,"ks":{"a":0,"k":{"i":[[0.089,-0.463],[2.044,0],[0.089,0.54],[-1.956,0]],"o":[[-0.178,0.54],[-1.689,0],[-0.088,-0.386],[1.867,0]],"v":[[3.467,0],[0,0.694],[-3.468,0],[-0.089,-0.694]],"c":true},"ix":2},"nm":"Path 1","mn":"ADBE Vector Shape - Group","hd":false},{"ty":"fl","c":{"a":0,"k":[1,1,1],"ix":4},"o":{"a":0,"k":100,"ix":5},"r":1,"bm":0,"nm":"Fill 1","mn":"ADBE Vector Graphic - Fill","hd":false},{"ty":"tr","p":{"a":0,"k":[9.779,2.795],"ix":2},"a":{"a":0,"k":[0,0],"ix":1},"s":{"a":0,"k":[100,100],"ix":3},"r":{"a":0,"k":0,"ix":6},"o":{"a":0,"k":100,"ix":7},"sk":{"a":0,"k":0,"ix":4},"sa":{"a":0,"k":0,"ix":5},"nm":"Transform"}],"nm":"Group 2","np":2,"cix":2,"bm":0,"ix":2,"mn":"ADBE Vector Group","hd":false}],"ip":0,"op":42,"st":0,"ct":1,"bm":0}]},{"id":"comp_1","nm":"French","fr":24,"layers":[{"ddd":0,"ind":1,"ty":4,"nm":"Layer 13","sr":1,"ks":{"o":{"a":0,"k":100,"ix":11},"r":{"a":0,"k":0,"ix":10},"p":{"a":0,"k":[156.5,231,0],"ix":2,"l":2},"a":{"a":0,"k":[30.26,13.515,0],"ix":1,"l":2},"s":{"a":1,"k":[{"i":{"x":[0.667,0.667,0.667],"y":[1,1,1]},"o":{"x":[0.333,0.333,0.333],"y":[0,0,0]},"t":8,"s":[0,0,100]},{"i":{"x":[0.667,0.667,0.667],"y":[1,1,1]},"o":{"x":[0.333,0.333,0.333],"y":[0,0,0]},"t":12,"s":[180,180,100]},{"i":{"x":[0.667,0.667,0.667],"y":[1,1,1]},"o":{"x":[0.333,0.333,0.333],"y":[0,0,0]},"t":15,"s":[150,150,100]},{"i":{"x":[0.667,0.667,0.667],"y":[1,1,1]},"o":{"x":[0.333,0.333,0.333],"y":[0,0,0]},"t":17,"s":[155,155,100]},{"i":{"x":[0.667,0.667,0.667],"y":[1,1,1]},"o":{"x":[0.333,0.333,0.333],"y":[0,0,0]},"t":18,"s":[150,150,100]},{"i":{"x":[0.667,0.667,0.667],"y":[1,1,1]},"o":{"x":[0.333,0.333,0.333],"y":[0,0,0]},"t":34,"s":[150,150,100]},{"i":{"x":[0.667,0.667,0.667],"y":[1,1,1]},"o":{"x":[0.333,0.333,0.333],"y":[0,0,0]},"t":35,"s":[180,180,100]},{"t":41,"s":[0,0,100]}],"ix":6,"l":2}},"ao":0,"shapes":[{"ty":"gr","it":[{"ind":0,"ty":"sh","ix":1,"ks":{"a":0,"k":{"i":[[-0.026,0.804],[-0.531,0.104],[-0.263,-0.066],[0.253,-0.272],[-0.549,0.592],[0.331,0.615],[0.746,-0.018],[0.049,-1.521]],"o":[[0.02,-0.609],[0.263,-0.052],[0.138,0.035],[-0.547,0.588],[0.487,-0.524],[-0.361,-0.671],[-1.377,0.034],[-0.026,0.804]],"v":[[-1.201,0.479],[-0.188,-0.389],[0.622,-0.423],[1.107,0.245],[1.99,1.128],[2.139,-0.734],[0.307,-1.702],[-2.451,0.479]],"c":true},"ix":2},"nm":"Path 1","mn":"ADBE Vector Shape - Group","hd":false},{"ty":"fl","c":{"a":0,"k":[1,1,1],"ix":4},"o":{"a":0,"k":100,"ix":5},"r":1,"bm":0,"nm":"Fill 1","mn":"ADBE Vector Graphic - Fill","hd":false},{"ty":"tr","p":{"a":0,"k":[51.708,10.519],"ix":2},"a":{"a":0,"k":[0,0],"ix":1},"s":{"a":0,"k":[100,100],"ix":3},"r":{"a":0,"k":0,"ix":6},"o":{"a":0,"k":100,"ix":7},"sk":{"a":0,"k":0,"ix":4},"sa":{"a":0,"k":0,"ix":5},"nm":"Transform"}],"nm":"Group 1","np":2,"cix":2,"bm":0,"ix":1,"mn":"ADBE Vector Group","hd":false},{"ty":"gr","it":[{"ind":0,"ty":"sh","ix":1,"ks":{"a":0,"k":{"i":[[-0.062,-0.804],[-0.025,-1.075],[0.432,-0.543],[-0.5,0.63],[0.04,1.038],[0.115,1.471]],"o":[[0.084,1.071],[0.016,0.666],[-0.496,0.623],[0.678,-0.852],[-0.057,-1.474],[-0.062,-0.797]],"v":[[-0.635,-3.517],[-0.495,-0.3],[-0.533,2.807],[0.351,3.691],[0.788,0.9],[0.615,-3.517]],"c":true},"ix":2},"nm":"Path 1","mn":"ADBE Vector Shape - Group","hd":false},{"ty":"fl","c":{"a":0,"k":[1,1,1],"ix":4},"o":{"a":0,"k":100,"ix":5},"r":1,"bm":0,"nm":"Fill 1","mn":"ADBE Vector Graphic - Fill","hd":false},{"ty":"tr","p":{"a":0,"k":[49.787,12.453],"ix":2},"a":{"a":0,"k":[0,0],"ix":1},"s":{"a":0,"k":[100,100],"ix":3},"r":{"a":0,"k":0,"ix":6},"o":{"a":0,"k":100,"ix":7},"sk":{"a":0,"k":0,"ix":4},"sa":{"a":0,"k":0,"ix":5},"nm":"Transform"}],"nm":"Group 2","np":2,"cix":2,"bm":0,"ix":2,"mn":"ADBE Vector Group","hd":false},{"ty":"gr","it":[{"ind":0,"ty":"sh","ix":1,"ks":{"a":0,"k":{"i":[[0.125,-0.793],[-0.336,-0.618],[-0.726,0.223],[0.772,-0.237],[-0.037,0.234]],"o":[[-0.108,0.69],[0.346,0.636],[0.767,-0.236],[-0.484,0.149],[0.124,-0.787]],"v":[[-1.343,-1.081],[-1.072,0.831],[0.684,1.65],[0.352,0.445],[-0.138,-0.747]],"c":true},"ix":2},"nm":"Path 1","mn":"ADBE Vector Shape - Group","hd":false},{"ty":"fl","c":{"a":0,"k":[1,1,1],"ix":4},"o":{"a":0,"k":100,"ix":5},"r":1,"bm":0,"nm":"Fill 1","mn":"ADBE Vector Graphic - Fill","hd":false},{"ty":"tr","p":{"a":0,"k":[46.892,14.662],"ix":2},"a":{"a":0,"k":[0,0],"ix":1},"s":{"a":0,"k":[100,100],"ix":3},"r":{"a":0,"k":0,"ix":6},"o":{"a":0,"k":100,"ix":7},"sk":{"a":0,"k":0,"ix":4},"sa":{"a":0,"k":0,"ix":5},"nm":"Transform"}],"nm":"Group 3","np":2,"cix":2,"bm":0,"ix":3,"mn":"ADBE Vector Group","hd":false},{"ty":"gr","it":[{"ind":0,"ty":"sh","ix":1,"ks":{"a":0,"k":{"i":[[-0.06,-0.804],[-3.488,-0.007],[-0.204,1.235],[0.231,1.747],[-0.105,-0.797],[0.066,-1.045],[0.962,-0.374],[0.084,1.123]],"o":[[0.166,2.214],[1.324,0.001],[0.289,-1.741],[-0.104,-0.787],[0.138,1.039],[-0.051,0.806],[-2.48,0.963],[-0.06,-0.797]],"v":[[-2.587,-3.225],[0.422,4.129],[2.698,2.05],[2.835,-3.333],[1.585,-3.333],[1.652,-0.227],[0.808,2.827],[-1.337,-3.225]],"c":true},"ix":2},"nm":"Path 1","mn":"ADBE Vector Shape - Group","hd":false},{"ty":"fl","c":{"a":0,"k":[1,1,1],"ix":4},"o":{"a":0,"k":100,"ix":5},"r":1,"bm":0,"nm":"Fill 1","mn":"ADBE Vector Graphic - Fill","hd":false},{"ty":"tr","p":{"a":0,"k":[43.983,12.27],"ix":2},"a":{"a":0,"k":[0,0],"ix":1},"s":{"a":0,"k":[100,100],"ix":3},"r":{"a":0,"k":0,"ix":6},"o":{"a":0,"k":100,"ix":7},"sk":{"a":0,"k":0,"ix":4},"sa":{"a":0,"k":0,"ix":5},"nm":"Transform"}],"nm":"Group 4","np":2,"cix":2,"bm":0,"ix":4,"mn":"ADBE Vector Group","hd":false},{"ty":"gr","it":[{"ind":0,"ty":"sh","ix":1,"ks":{"a":0,"k":{"i":[[0.8,-0.086],[0.022,-1.747],[-2.135,-0.304],[-0.17,1.794],[2.079,0.407],[-0.79,-0.155],[-0.004,-1.282],[1.563,0.274],[0.057,1.055],[-1.3,0.139]],"o":[[-1.88,0.2],[-0.024,1.967],[2.053,0.293],[0.188,-1.99],[-0.787,-0.154],[1.278,0.25],[0.003,1.208],[-1.232,-0.216],[-0.055,-1.009],[0.792,-0.085]],"v":[[-0.393,-3.885],[-2.999,-0.376],[-0.206,3.723],[2.835,0.583],[-0.122,-3.863],[-0.456,-2.656],[1.622,0.012],[-0.215,2.46],[-1.727,0.033],[-0.393,-2.635]],"c":true},"ix":2},"nm":"Path 1","mn":"ADBE Vector Shape - Group","hd":false},{"ty":"fl","c":{"a":0,"k":[1,1,1],"ix":4},"o":{"a":0,"k":100,"ix":5},"r":1,"bm":0,"nm":"Fill 1","mn":"ADBE Vector Graphic - Fill","hd":false},{"ty":"tr","p":{"a":0,"k":[37.983,12.279],"ix":2},"a":{"a":0,"k":[0,0],"ix":1},"s":{"a":0,"k":[100,100],"ix":3},"r":{"a":0,"k":0,"ix":6},"o":{"a":0,"k":100,"ix":7},"sk":{"a":0,"k":0,"ix":4},"sa":{"a":0,"k":0,"ix":5},"nm":"Transform"}],"nm":"Group 5","np":2,"cix":2,"bm":0,"ix":5,"mn":"ADBE Vector Group","hd":false},{"ty":"gr","it":[{"ind":0,"ty":"sh","ix":1,"ks":{"a":0,"k":{"i":[[-0.806,0],[0.805,0]],"o":[[0.804,0],[-0.805,0]],"v":[[0.001,0.625],[0.001,-0.625]],"c":true},"ix":2},"nm":"Path 1","mn":"ADBE Vector Shape - Group","hd":false},{"ty":"fl","c":{"a":0,"k":[1,1,1],"ix":4},"o":{"a":0,"k":100,"ix":5},"r":1,"bm":0,"nm":"Fill 1","mn":"ADBE Vector Graphic - Fill","hd":false},{"ty":"tr","p":{"a":0,"k":[32.381,6.999],"ix":2},"a":{"a":0,"k":[0,0],"ix":1},"s":{"a":0,"k":[100,100],"ix":3},"r":{"a":0,"k":0,"ix":6},"o":{"a":0,"k":100,"ix":7},"sk":{"a":0,"k":0,"ix":4},"sa":{"a":0,"k":0,"ix":5},"nm":"Transform"}],"nm":"Group 6","np":2,"cix":2,"bm":0,"ix":6,"mn":"ADBE Vector Group","hd":false},{"ty":"gr","it":[{"ind":0,"ty":"sh","ix":1,"ks":{"a":0,"k":{"i":[[-0.101,-0.797],[-0.195,-2.315],[0.206,-0.723],[0.421,2.187],[-0.152,-0.787],[-1.999,2.622],[0.094,1.236],[0.31,2.445]],"o":[[0.292,2.307],[0.063,0.739],[-0.673,2.355],[-0.152,-0.789],[0.509,2.645],[0.791,-1.038],[-0.187,-2.456],[-0.1,-0.787]],"v":[[1.27,-6.437],[1.941,0.497],[1.969,2.832],[-1.99,2.328],[-3.195,2.66],[2.556,4.612],[3.233,0.922],[2.52,-6.437]],"c":true},"ix":2},"nm":"Path 1","mn":"ADBE Vector Shape - Group","hd":false},{"ty":"fl","c":{"a":0,"k":[1,1,1],"ix":4},"o":{"a":0,"k":100,"ix":5},"r":1,"bm":0,"nm":"Fill 1","mn":"ADBE Vector Graphic - Fill","hd":false},{"ty":"tr","p":{"a":0,"k":[31.025,15.691],"ix":2},"a":{"a":0,"k":[0,0],"ix":1},"s":{"a":0,"k":[100,100],"ix":3},"r":{"a":0,"k":0,"ix":6},"o":{"a":0,"k":100,"ix":7},"sk":{"a":0,"k":0,"ix":4},"sa":{"a":0,"k":0,"ix":5},"nm":"Transform"}],"nm":"Group 7","np":2,"cix":2,"bm":0,"ix":7,"mn":"ADBE Vector Group","hd":false},{"ty":"gr","it":[{"ind":0,"ty":"sh","ix":1,"ks":{"a":0,"k":{"i":[[-0.237,0.769],[-0.443,-1.059],[-0.006,-0.49],[-0.37,-0.993],[-0.786,0.98],[0.504,-0.627],[-0.002,0.432],[0.024,0.697],[0.834,0.565],[0.468,-1.518]],"o":[[0.337,-1.093],[0.19,0.454],[0.013,1.039],[0.435,1.169],[0.498,-0.622],[-0.684,0.853],[0.003,-0.697],[-0.031,-0.89],[-1.376,-0.934],[-0.237,0.77]],"v":[[-2.251,-1.933],[0.187,-1.991],[0.249,-0.175],[0.367,3.216],[3.196,3.67],[2.311,2.786],[1.502,0.99],[1.479,-1.103],[0.672,-3.716],[-3.457,-2.265]],"c":true},"ix":2},"nm":"Path 1","mn":"ADBE Vector Shape - Group","hd":false},{"ty":"fl","c":{"a":0,"k":[1,1,1],"ix":4},"o":{"a":0,"k":100,"ix":5},"r":1,"bm":0,"nm":"Fill 1","mn":"ADBE Vector Graphic - Fill","hd":false},{"ty":"tr","p":{"a":0,"k":[27.908,12.28],"ix":2},"a":{"a":0,"k":[0,0],"ix":1},"s":{"a":0,"k":[100,100],"ix":3},"r":{"a":0,"k":0,"ix":6},"o":{"a":0,"k":100,"ix":7},"sk":{"a":0,"k":0,"ix":4},"sa":{"a":0,"k":0,"ix":5},"nm":"Transform"}],"nm":"Group 8","np":2,"cix":2,"bm":0,"ix":8,"mn":"ADBE Vector Group","hd":false},{"ty":"gr","it":[{"ind":0,"ty":"sh","ix":1,"ks":{"a":0,"k":{"i":[[-0.08,-0.802],[0.002,-2.489],[-0.001,0.806],[0.248,2.482]],"o":[[0.248,2.482],[-0.001,0.805],[0.002,-2.489],[-0.079,-0.793]],"v":[[-0.709,-3.731],[-0.631,3.727],[0.619,3.727],[0.541,-3.731]],"c":true},"ix":2},"nm":"Path 1","mn":"ADBE Vector Shape - Group","hd":false},{"ty":"fl","c":{"a":0,"k":[1,1,1],"ix":4},"o":{"a":0,"k":100,"ix":5},"r":1,"bm":0,"nm":"Fill 1","mn":"ADBE Vector Graphic - Fill","hd":false},{"ty":"tr","p":{"a":0,"k":[24.944,12.105],"ix":2},"a":{"a":0,"k":[0,0],"ix":1},"s":{"a":0,"k":[100,100],"ix":3},"r":{"a":0,"k":0,"ix":6},"o":{"a":0,"k":100,"ix":7},"sk":{"a":0,"k":0,"ix":4},"sa":{"a":0,"k":0,"ix":5},"nm":"Transform"}],"nm":"Group 9","np":2,"cix":2,"bm":0,"ix":9,"mn":"ADBE Vector Group","hd":false},{"ty":"gr","it":[{"ind":0,"ty":"sh","ix":1,"ks":{"a":0,"k":{"i":[[-0.791,-0.151],[-0.52,2.053],[0.426,0.804],[1.025,0.15],[-0.794,-0.116],[-0.401,-0.604],[0.15,-0.51],[0.826,0.158]],"o":[[1.581,0.303],[0.218,-0.86],[-0.535,-1.007],[-0.787,-0.115],[0.65,0.094],[0.303,0.458],[-0.306,1.04],[-0.786,-0.151]],"v":[[-2.43,2.63],[2.993,1.201],[2.795,-1.652],[-0.202,-3.139],[-0.534,-1.932],[1.674,-1.087],[1.788,0.868],[-2.098,1.424]],"c":true},"ix":2},"nm":"Path 1","mn":"ADBE Vector Shape - Group","hd":false},{"ty":"fl","c":{"a":0,"k":[1,1,1],"ix":4},"o":{"a":0,"k":100,"ix":5},"r":1,"bm":0,"nm":"Fill 1","mn":"ADBE Vector Graphic - Fill","hd":false},{"ty":"tr","p":{"a":0,"k":[13.061,13.68],"ix":2},"a":{"a":0,"k":[0,0],"ix":1},"s":{"a":0,"k":[100,100],"ix":3},"r":{"a":0,"k":0,"ix":6},"o":{"a":0,"k":100,"ix":7},"sk":{"a":0,"k":0,"ix":4},"sa":{"a":0,"k":0,"ix":5},"nm":"Transform"}],"nm":"Group 10","np":2,"cix":2,"bm":0,"ix":10,"mn":"ADBE Vector Group","hd":false},{"ty":"gr","it":[{"ind":0,"ty":"sh","ix":1,"ks":{"a":0,"k":{"i":[[-0.787,0.149],[-0.592,-1.115],[0.964,-0.269],[-0.778,0.217],[0.71,2.105],[1.747,-0.331]],"o":[[1.045,-0.197],[0.745,1.403],[-0.773,0.216],[1.691,-0.472],[-0.706,-2.096],[-0.79,0.149]],"v":[[-2.35,-1.368],[1.496,-0.65],[-0.422,1.583],[-0.089,2.788],[2.762,-0.91],[-2.682,-2.572]],"c":true},"ix":2},"nm":"Path 1","mn":"ADBE Vector Shape - Group","hd":false},{"ty":"fl","c":{"a":0,"k":[1,1,1],"ix":4},"o":{"a":0,"k":100,"ix":5},"r":1,"bm":0,"nm":"Fill 1","mn":"ADBE Vector Graphic - Fill","hd":false},{"ty":"tr","p":{"a":0,"k":[13.23,8.864],"ix":2},"a":{"a":0,"k":[0,0],"ix":1},"s":{"a":0,"k":[100,100],"ix":3},"r":{"a":0,"k":0,"ix":6},"o":{"a":0,"k":100,"ix":7},"sk":{"a":0,"k":0,"ix":4},"sa":{"a":0,"k":0,"ix":5},"nm":"Transform"}],"nm":"Group 11","np":2,"cix":2,"bm":0,"ix":11,"mn":"ADBE Vector Group","hd":false},{"ty":"gr","it":[{"ind":0,"ty":"sh","ix":1,"ks":{"a":0,"k":{"i":[[-0.04,-0.806],[-0.116,-2.939],[0.031,0.806],[0.145,2.94]],"o":[[0.145,2.94],[0.031,0.802],[-0.116,-2.939],[-0.04,-0.801]],"v":[[-0.646,-4.409],[-0.633,4.409],[0.618,4.409],[0.604,-4.409]],"c":true},"ix":2},"nm":"Path 1","mn":"ADBE Vector Shape - Group","hd":false},{"ty":"fl","c":{"a":0,"k":[1,1,1],"ix":4},"o":{"a":0,"k":100,"ix":5},"r":1,"bm":0,"nm":"Fill 1","mn":"ADBE Vector Graphic - Fill","hd":false},{"ty":"tr","p":{"a":0,"k":[10.653,11.303],"ix":2},"a":{"a":0,"k":[0,0],"ix":1},"s":{"a":0,"k":[100,100],"ix":3},"r":{"a":0,"k":0,"ix":6},"o":{"a":0,"k":100,"ix":7},"sk":{"a":0,"k":0,"ix":4},"sa":{"a":0,"k":0,"ix":5},"nm":"Transform"}],"nm":"Group 12","np":2,"cix":2,"bm":0,"ix":12,"mn":"ADBE Vector Group","hd":false},{"ty":"gr","it":[{"ind":0,"ty":"sh","ix":1,"ks":{"a":0,"k":{"i":[[0,0.462],[-0.203,0.535],[-0.334,0.328],[-0.418,0.146],[-0.429,0],[-0.549,-0.767],[0,-1.29],[0.191,-0.498],[0.311,-0.365],[0.406,-0.196],[0.417,0],[0.406,0.243],[0.31,0.389],[0.179,0.474]],"o":[[0,-0.767],[0.202,-0.535],[0.334,-0.341],[0.418,-0.159],[0.991,0],[0.549,0.753],[0,0.608],[-0.19,0.487],[-0.31,0.353],[-0.394,0.194],[-0.454,0],[-0.394,-0.256],[-0.299,-0.389],[-0.168,-0.486]],"v":[[-3.322,0.083],[-3.017,-1.87],[-2.212,-3.167],[-1.084,-3.896],[0.188,-4.135],[2.497,-2.984],[3.322,0.083],[3.035,1.743],[2.283,3.021],[1.209,3.842],[-0.009,4.135],[-1.299,3.77],[-2.355,2.801],[-3.071,1.506]],"c":true},"ix":2},"nm":"Path 1","mn":"ADBE Vector Shape - Group","hd":false},{"ind":1,"ty":"sh","ix":2,"ks":{"a":0,"k":{"i":[[-0.275,0],[-0.275,0.109],[-0.214,0.219],[-0.132,0.317],[0,0.414],[0.096,0.316],[0.168,0.22],[0.227,0.122],[0.262,0],[0.323,-0.11],[0.251,-0.207],[0.168,-0.317],[0,-0.401],[-0.119,-0.328],[-0.203,-0.255],[-0.262,-0.158]],"o":[[0.298,0],[0.286,-0.122],[0.227,-0.22],[0.131,-0.316],[0,-0.377],[-0.095,-0.317],[-0.167,-0.23],[-0.226,-0.121],[-0.311,0],[-0.31,0.097],[-0.251,0.195],[-0.155,0.304],[0,0.329],[0.12,0.316],[0.203,0.256],[0.263,0.146]],"v":[[-0.099,2.583],[0.762,2.419],[1.513,1.908],[2.051,1.104],[2.247,0.01],[2.104,-1.031],[1.71,-1.835],[1.118,-2.364],[0.385,-2.547],[-0.565,-2.382],[-1.406,-1.926],[-2.033,-1.159],[-2.265,-0.101],[-2.087,0.885],[-1.603,1.743],[-0.905,2.364]],"c":true},"ix":2},"nm":"Path 2","mn":"ADBE Vector Shape - Group","hd":false},{"ty":"mm","mm":1,"nm":"Merge Paths 1","mn":"ADBE Vector Filter - Merge","hd":false},{"ty":"fl","c":{"a":0,"k":[1,1,1],"ix":4},"o":{"a":0,"k":100,"ix":5},"r":1,"bm":0,"nm":"Fill 1","mn":"ADBE Vector Graphic - Fill","hd":false},{"ty":"tr","p":{"a":0,"k":[20.148,12.202],"ix":2},"a":{"a":0,"k":[0,0],"ix":1},"s":{"a":0,"k":[100,100],"ix":3},"r":{"a":0,"k":0,"ix":6},"o":{"a":0,"k":100,"ix":7},"sk":{"a":0,"k":0,"ix":4},"sa":{"a":0,"k":0,"ix":5},"nm":"Transform"}],"nm":"Group 13","np":4,"cix":2,"bm":0,"ix":13,"mn":"ADBE Vector Group","hd":false},{"ty":"gr","it":[{"ind":0,"ty":"sh","ix":1,"ks":{"a":0,"k":{"i":[[1.619,0.391],[0.447,0.167],[0.391,1.506],[0,2.455],[-5.472,0],[0,0],[0,-6.972],[5.138,0],[0,0],[0.279,-0.614],[0,0],[0.39,0.613],[0,0],[0.781,0],[1.396,-0.056]],"o":[[-0.447,-0.111],[-1.675,-0.614],[-0.558,-2.399],[0,-7.027],[0,0],[6.644,0],[0,7.028],[0,0],[-0.726,0],[0,0],[-0.335,0.669],[0,0],[-0.391,-0.613],[-1.452,-0.056],[-1.619,0.111]],"v":[[-25.349,8.003],[-26.633,7.613],[-29.425,3.932],[-29.928,-3.43],[-23.562,-13.135],[23.282,-13.357],[29.983,-1.311],[24.51,8.172],[5.446,7.725],[3.827,8.674],[1.928,12.633],[0.142,12.745],[-2.259,8.952],[-4.046,8.06],[-20.268,8.228]],"c":true},"ix":2},"nm":"Path 1","mn":"ADBE Vector Shape - Group","hd":false},{"ty":"fl","c":{"a":0,"k":[0,0,0],"ix":4},"o":{"a":0,"k":100,"ix":5},"r":1,"bm":0,"nm":"Fill 1","mn":"ADBE Vector Graphic - Fill","hd":false},{"ty":"tr","p":{"a":0,"k":[30.233,13.607],"ix":2},"a":{"a":0,"k":[0,0],"ix":1},"s":{"a":0,"k":[100,100],"ix":3},"r":{"a":0,"k":0,"ix":6},"o":{"a":0,"k":100,"ix":7},"sk":{"a":0,"k":0,"ix":4},"sa":{"a":0,"k":0,"ix":5},"nm":"Transform"}],"nm":"Group 14","np":2,"cix":2,"bm":0,"ix":14,"mn":"ADBE Vector Group","hd":false}],"ip":0,"op":41,"st":0,"ct":1,"bm":0},{"ddd":0,"ind":2,"ty":4,"nm":"rings 4","sr":1,"ks":{"o":{"a":0,"k":100,"ix":11},"r":{"a":0,"k":0,"ix":10},"p":{"a":0,"k":[157.791,250.643,0],"ix":2,"l":2},"a":{"a":0,"k":[10.009,2.795,0],"ix":1,"l":2},"s":{"a":1,"k":[{"i":{"x":[0.667,0.667,0.667],"y":[1,1,1]},"o":{"x":[0.333,0.333,0.333],"y":[0,0,0]},"t":0,"s":[0,0,100]},{"i":{"x":[0.667,0.667,0.667],"y":[1,1,1]},"o":{"x":[0.333,0.333,0.333],"y":[0,0,0]},"t":4,"s":[180,180,100]},{"i":{"x":[0.667,0.667,0.667],"y":[1,1,1]},"o":{"x":[0.333,0.333,0.333],"y":[0,0,0]},"t":7,"s":[150,150,100]},{"i":{"x":[0.667,0.667,0.667],"y":[1,1,1]},"o":{"x":[0.333,0.333,0.333],"y":[0,0,0]},"t":9,"s":[155,155,100]},{"i":{"x":[0.667,0.667,0.667],"y":[1,1,1]},"o":{"x":[0.333,0.333,0.333],"y":[0,0,0]},"t":10,"s":[150,150,100]},{"i":{"x":[0.667,0.667,0.667],"y":[1,1,1]},"o":{"x":[0.333,0.333,0.333],"y":[0,0,0]},"t":26,"s":[150,150,100]},{"i":{"x":[0.667,0.667,0.667],"y":[1,1,1]},"o":{"x":[0.333,0.333,0.333],"y":[0,0,0]},"t":27,"s":[180,180,100]},{"t":33,"s":[0,0,100]}],"ix":6,"l":2}},"ao":0,"shapes":[{"ty":"gr","it":[{"ind":0,"ty":"sh","ix":1,"ks":{"a":0,"k":{"i":[[0.044,-0.047],[-0.387,-0.183],[-0.836,-0.144],[-2.169,0],[-1.507,0.306],[-0.385,0.218],[-0.046,0.164],[0,0],[0.004,0.007],[0.194,0.103],[0.878,0.144],[2.55,0],[1.531,-0.358],[0.351,-0.198]],"o":[[0.049,0.092],[0.462,0.218],[1.664,0.286],[2.675,0],[0.755,-0.152],[0.387,-0.217],[0.002,-0.006],[0,0],[-0.026,-0.039],[-0.387,-0.205],[-1.737,-0.287],[-2.529,0],[-0.771,0.181],[-0.149,0.085]],"v":[[-8.58,0.003],[-8.002,0.436],[-6.035,0.981],[-0.016,1.377],[6.302,0.94],[8.006,0.38],[8.585,-0.209],[8.588,-0.216],[8.583,-0.224],[8.284,-0.449],[6.374,-0.981],[-0.351,-1.377],[-6.611,-0.782],[-8.301,-0.199]],"c":true},"ix":2},"nm":"Path 1","mn":"ADBE Vector Shape - Group","hd":false},{"ind":1,"ty":"sh","ix":2,"ks":{"a":0,"k":{"i":[[-0.811,0.19],[-2.586,0],[-1.827,-0.302],[-0.55,-0.293],[-0.175,-0.268],[0.102,-0.358],[0.527,-0.297],[0.807,-0.163],[2.692,0],[1.753,0.302],[0.594,0.28],[0.114,0.673],[0,0],[-0.172,0.217],[-0.241,0.137]],"o":[[1.634,-0.383],[2.564,0],[0.904,0.149],[0.276,0.146],[0.193,0.294],[-0.163,0.577],[-0.529,0.298],[-1.617,0.328],[-2.191,0],[-0.873,-0.15],[-0.561,-0.265],[0,0],[-0.055,-0.341],[0.163,-0.208],[0.485,-0.275]],"v":[[-6.858,-1.921],[-0.351,-2.545],[6.55,-2.135],[8.795,-1.489],[9.512,-0.88],[9.663,0.121],[8.542,1.408],[6.517,2.087],[-0.016,2.545],[-6.218,2.133],[-8.467,1.5],[-9.709,0.145],[-9.71,0.139],[-9.47,-0.713],[-8.839,-1.224]],"c":true},"ix":2},"nm":"Path 2","mn":"ADBE Vector Shape - Group","hd":false},{"ty":"mm","mm":1,"nm":"Merge Paths 1","mn":"ADBE Vector Filter - Merge","hd":false},{"ty":"fl","c":{"a":0,"k":[1,1,1],"ix":4},"o":{"a":0,"k":100,"ix":5},"r":1,"bm":0,"nm":"Fill 1","mn":"ADBE Vector Graphic - Fill","hd":false},{"ty":"tr","p":{"a":0,"k":[10.015,2.795],"ix":2},"a":{"a":0,"k":[0,0],"ix":1},"s":{"a":0,"k":[100,100],"ix":3},"r":{"a":0,"k":0,"ix":6},"o":{"a":0,"k":100,"ix":7},"sk":{"a":0,"k":0,"ix":4},"sa":{"a":0,"k":0,"ix":5},"nm":"Transform"}],"nm":"Group 1","np":4,"cix":2,"bm":0,"ix":1,"mn":"ADBE Vector Group","hd":false},{"ty":"gr","it":[{"ind":0,"ty":"sh","ix":1,"ks":{"a":0,"k":{"i":[[0.089,-0.463],[2.044,0],[0.089,0.54],[-1.956,0]],"o":[[-0.178,0.54],[-1.689,0],[-0.088,-0.386],[1.867,0]],"v":[[3.467,0],[0,0.694],[-3.468,0],[-0.089,-0.694]],"c":true},"ix":2},"nm":"Path 1","mn":"ADBE Vector Shape - Group","hd":false},{"ty":"fl","c":{"a":0,"k":[1,1,1],"ix":4},"o":{"a":0,"k":100,"ix":5},"r":1,"bm":0,"nm":"Fill 1","mn":"ADBE Vector Graphic - Fill","hd":false},{"ty":"tr","p":{"a":0,"k":[9.779,2.795],"ix":2},"a":{"a":0,"k":[0,0],"ix":1},"s":{"a":0,"k":[100,100],"ix":3},"r":{"a":0,"k":0,"ix":6},"o":{"a":0,"k":100,"ix":7},"sk":{"a":0,"k":0,"ix":4},"sa":{"a":0,"k":0,"ix":5},"nm":"Transform"}],"nm":"Group 2","np":2,"cix":2,"bm":0,"ix":2,"mn":"ADBE Vector Group","hd":false}],"ip":0,"op":41,"st":0,"ct":1,"bm":0}]},{"id":"comp_2","nm":"chinese","fr":24,"layers":[{"ddd":0,"ind":1,"ty":4,"nm":"chinese 3","sr":1,"ks":{"o":{"a":0,"k":100,"ix":11},"r":{"a":0,"k":0,"ix":10},"p":{"a":0,"k":[210.75,239.75,0],"ix":2,"l":2},"a":{"a":0,"k":[23.76,13.515,0],"ix":1,"l":2},"s":{"a":1,"k":[{"i":{"x":[0.667,0.667,0.667],"y":[1,1,1]},"o":{"x":[0.333,0.333,0.333],"y":[0,0,0]},"t":8,"s":[0,0,100]},{"i":{"x":[0.667,0.667,0.667],"y":[1,1,1]},"o":{"x":[0.333,0.333,0.333],"y":[0,0,0]},"t":12,"s":[180,180,100]},{"i":{"x":[0.667,0.667,0.667],"y":[1,1,1]},"o":{"x":[0.333,0.333,0.333],"y":[0,0,0]},"t":15,"s":[150,150,100]},{"i":{"x":[0.667,0.667,0.667],"y":[1,1,1]},"o":{"x":[0.333,0.333,0.333],"y":[0,0,0]},"t":17,"s":[155,155,100]},{"i":{"x":[0.667,0.667,0.667],"y":[1,1,1]},"o":{"x":[0.333,0.333,0.333],"y":[0,0,0]},"t":18,"s":[150,150,100]},{"i":{"x":[0.667,0.667,0.667],"y":[1,1,1]},"o":{"x":[0.333,0.333,0.333],"y":[0,0,0]},"t":37,"s":[150,150,100]},{"i":{"x":[0.667,0.667,0.667],"y":[1,1,1]},"o":{"x":[0.333,0.333,0.333],"y":[0,0,0]},"t":38,"s":[180,180,100]},{"t":44,"s":[0,0,100]}],"ix":6,"l":2}},"ao":0,"shapes":[{"ty":"gr","it":[{"ind":0,"ty":"sh","ix":1,"ks":{"a":0,"k":{"i":[[-0.607,0.221],[-1.938,0.173],[0.642,-0.058],[1.925,-0.7]],"o":[[1.845,-0.671],[0.636,-0.057],[-2.022,0.18],[-0.6,0.218]],"v":[[-2.773,0.867],[2.998,-0.03],[2.998,-1.03],[-3.04,-0.097]],"c":true},"ix":2},"nm":"Path 1","mn":"ADBE Vector Shape - Group","hd":false},{"ty":"fl","c":{"a":0,"k":[1,1,1],"ix":4},"o":{"a":0,"k":100,"ix":5},"r":1,"bm":0,"nm":"Fill 1","mn":"ADBE Vector Graphic - Fill","hd":false},{"ty":"tr","p":{"a":0,"k":[33.689,12.036],"ix":2},"a":{"a":0,"k":[0,0],"ix":1},"s":{"a":0,"k":[100,100],"ix":3},"r":{"a":0,"k":0,"ix":6},"o":{"a":0,"k":100,"ix":7},"sk":{"a":0,"k":0,"ix":4},"sa":{"a":0,"k":0,"ix":5},"nm":"Transform"}],"nm":"Group 1","np":2,"cix":2,"bm":0,"ix":1,"mn":"ADBE Vector Group","hd":false},{"ty":"gr","it":[{"ind":0,"ty":"sh","ix":1,"ks":{"a":0,"k":{"i":[[-0.641,0.066],[-0.952,-0.39],[0.942,-0.64],[0.453,-0.289],[-0.168,-0.223],[2.648,0.027],[-0.644,-0.006],[-0.258,1.482],[0.873,1.155],[0.059,-0.228],[0.646,1.339],[1.125,-0.117]],"o":[[1.03,-0.107],[0.749,0.307],[-0.443,0.303],[-0.208,0.131],[1.049,1.387],[-0.643,-0.006],[1.569,0.016],[0.246,-1.409],[-0.06,0.228],[0.784,-0.499],[-0.72,-1.494],[-0.634,0.065]],"v":[[-2.669,-3.852],[0.931,-4.15],[0.637,-3.108],[-0.729,-2.25],[-0.908,-1.566],[-1.999,4.92],[-1.999,5.92],[0.88,3.142],[-0.045,-2.071],[-0.224,-1.387],[2.663,-4.442],[-2.669,-4.852]],"c":true},"ix":2},"nm":"Path 1","mn":"ADBE Vector Shape - Group","hd":false},{"ty":"fl","c":{"a":0,"k":[1,1,1],"ix":4},"o":{"a":0,"k":100,"ix":5},"r":1,"bm":0,"nm":"Fill 1","mn":"ADBE Vector Graphic - Fill","hd":false},{"ty":"tr","p":{"a":0,"k":[33.887,11.946],"ix":2},"a":{"a":0,"k":[0,0],"ix":1},"s":{"a":0,"k":[100,100],"ix":3},"r":{"a":0,"k":0,"ix":6},"o":{"a":0,"k":100,"ix":7},"sk":{"a":0,"k":0,"ix":4},"sa":{"a":0,"k":0,"ix":5},"nm":"Transform"}],"nm":"Group 2","np":2,"cix":2,"bm":0,"ix":2,"mn":"ADBE Vector Group","hd":false},{"ty":"gr","it":[{"ind":0,"ty":"sh","ix":1,"ks":{"a":0,"k":{"i":[[0.192,-0.613],[0.46,-1.429],[-0.087,-0.512],[-0.849,-1.017],[0.41,0.49],[0.089,1.125],[-0.167,0.524],[-0.353,1.123]],"o":[[-0.45,1.432],[-0.155,0.482],[0.236,1.385],[0.413,0.494],[-0.748,-0.896],[-0.046,-0.581],[0.359,-1.121],[0.194,-0.616]],"v":[[-0.179,-5.095],[-1.547,-0.806],[-2.135,1.123],[1.105,5.214],[1.812,4.507],[-1.061,0.819],[-0.288,-1.466],[0.785,-4.829]],"c":true},"ix":2},"nm":"Path 1","mn":"ADBE Vector Shape - Group","hd":false},{"ty":"fl","c":{"a":0,"k":[1,1,1],"ix":4},"o":{"a":0,"k":100,"ix":5},"r":1,"bm":0,"nm":"Fill 1","mn":"ADBE Vector Graphic - Fill","hd":false},{"ty":"tr","p":{"a":0,"k":[28.142,11.666],"ix":2},"a":{"a":0,"k":[0,0],"ix":1},"s":{"a":0,"k":[100,100],"ix":3},"r":{"a":0,"k":0,"ix":6},"o":{"a":0,"k":100,"ix":7},"sk":{"a":0,"k":0,"ix":4},"sa":{"a":0,"k":0,"ix":5},"nm":"Transform"}],"nm":"Group 3","np":2,"cix":2,"bm":0,"ix":3,"mn":"ADBE Vector Group","hd":false},{"ty":"gr","it":[{"ind":0,"ty":"sh","ix":1,"ks":{"a":0,"k":{"i":[[-0.628,0.139],[-0.317,-0.752],[0.226,-0.599],[1.432,-1.459],[-0.452,0.46],[-0.755,2.677],[0.7,0.529],[1.023,-0.226]],"o":[[0.543,-0.12],[0.258,0.613],[-0.732,1.941],[-0.452,0.459],[1.927,-1.963],[0.192,-0.68],[-0.94,-0.711],[-0.628,0.139]],"v":[[-2.007,-3.234],[1.566,-3.362],[0.81,-0.637],[-2.219,4.013],[-1.512,4.72],[2.305,-1.956],[2.201,-4.469],[-2.273,-4.198]],"c":true},"ix":2},"nm":"Path 1","mn":"ADBE Vector Shape - Group","hd":false},{"ty":"fl","c":{"a":0,"k":[1,1,1],"ix":4},"o":{"a":0,"k":100,"ix":5},"r":1,"bm":0,"nm":"Fill 1","mn":"ADBE Vector Graphic - Fill","hd":false},{"ty":"tr","p":{"a":0,"k":[27.949,12.993],"ix":2},"a":{"a":0,"k":[0,0],"ix":1},"s":{"a":0,"k":[100,100],"ix":3},"r":{"a":0,"k":0,"ix":6},"o":{"a":0,"k":100,"ix":7},"sk":{"a":0,"k":0,"ix":4},"sa":{"a":0,"k":0,"ix":5},"nm":"Transform"}],"nm":"Group 4","np":2,"cix":2,"bm":0,"ix":4,"mn":"ADBE Vector Group","hd":false},{"ty":"gr","it":[{"ind":0,"ty":"sh","ix":1,"ks":{"a":0,"k":{"i":[[-0.281,-0.577],[-0.408,-1.354],[0.186,0.618],[0.653,1.341]],"o":[[0.614,1.262],[0.186,0.616],[-0.434,-1.44],[-0.281,-0.579]],"v":[[-1.333,-1.655],[0.463,2.123],[1.428,1.858],[-0.47,-2.16]],"c":true},"ix":2},"nm":"Path 1","mn":"ADBE Vector Shape - Group","hd":false},{"ty":"fl","c":{"a":0,"k":[1,1,1],"ix":4},"o":{"a":0,"k":100,"ix":5},"r":1,"bm":0,"nm":"Fill 1","mn":"ADBE Vector Graphic - Fill","hd":false},{"ty":"tr","p":{"a":0,"k":[20.66,13.147],"ix":2},"a":{"a":0,"k":[0,0],"ix":1},"s":{"a":0,"k":[100,100],"ix":3},"r":{"a":0,"k":0,"ix":6},"o":{"a":0,"k":100,"ix":7},"sk":{"a":0,"k":0,"ix":4},"sa":{"a":0,"k":0,"ix":5},"nm":"Transform"}],"nm":"Group 5","np":2,"cix":2,"bm":0,"ix":5,"mn":"ADBE Vector Group","hd":false},{"ty":"gr","it":[{"ind":0,"ty":"sh","ix":1,"ks":{"a":0,"k":{"i":[[-0.062,-0.641],[-0.032,-1.296],[0.103,-0.577],[0.747,0.023],[-0.643,-0.019],[-0.344,1.452],[0.18,1.856]],"o":[[0.125,1.291],[0.014,0.586],[-0.161,0.906],[-0.643,-0.019],[1.269,0.039],[0.437,-1.838],[-0.062,-0.635]],"v":[[0.111,-3.497],[0.366,0.383],[0.374,2.236],[-1.114,3.098],[-1.114,4.098],[1.32,2.644],[1.111,-3.497]],"c":true},"ix":2},"nm":"Path 1","mn":"ADBE Vector Shape - Group","hd":false},{"ty":"fl","c":{"a":0,"k":[1,1,1],"ix":4},"o":{"a":0,"k":100,"ix":5},"r":1,"bm":0,"nm":"Fill 1","mn":"ADBE Vector Graphic - Fill","hd":false},{"ty":"tr","p":{"a":0,"k":[17.216,13.609],"ix":2},"a":{"a":0,"k":[0,0],"ix":1},"s":{"a":0,"k":[100,100],"ix":3},"r":{"a":0,"k":0,"ix":6},"o":{"a":0,"k":100,"ix":7},"sk":{"a":0,"k":0,"ix":4},"sa":{"a":0,"k":0,"ix":5},"nm":"Transform"}],"nm":"Group 6","np":2,"cix":2,"bm":0,"ix":6,"mn":"ADBE Vector Group","hd":false},{"ty":"gr","it":[{"ind":0,"ty":"sh","ix":1,"ks":{"a":0,"k":{"i":[[0.323,-0.558],[0.484,-1.419],[-0.207,0.606],[-0.709,1.224]],"o":[[-0.752,1.297],[-0.208,0.611],[0.456,-1.339],[0.324,-0.559]],"v":[[0.436,-2.195],[-1.415,1.881],[-0.45,2.146],[1.299,-1.689]],"c":true},"ix":2},"nm":"Path 1","mn":"ADBE Vector Shape - Group","hd":false},{"ty":"fl","c":{"a":0,"k":[1,1,1],"ix":4},"o":{"a":0,"k":100,"ix":5},"r":1,"bm":0,"nm":"Fill 1","mn":"ADBE Vector Graphic - Fill","hd":false},{"ty":"tr","p":{"a":0,"k":[15.194,13.313],"ix":2},"a":{"a":0,"k":[0,0],"ix":1},"s":{"a":0,"k":[100,100],"ix":3},"r":{"a":0,"k":0,"ix":6},"o":{"a":0,"k":100,"ix":7},"sk":{"a":0,"k":0,"ix":4},"sa":{"a":0,"k":0,"ix":5},"nm":"Transform"}],"nm":"Group 7","np":2,"cix":2,"bm":0,"ix":7,"mn":"ADBE Vector Group","hd":false},{"ty":"gr","it":[{"ind":0,"ty":"sh","ix":1,"ks":{"a":0,"k":{"i":[[-0.63,0.094],[-0.818,0.129],[-0.475,0.033],[0.727,-0.656],[-0.477,0.43],[1.504,0.235],[1.612,-0.24]],"o":[[0.818,-0.123],[0.47,-0.074],[0.512,-0.036],[-0.479,0.431],[0.958,-0.863],[-1.635,-0.255],[-0.634,0.095]],"v":[[-2.749,0.265],[-0.301,-0.14],[1.118,-0.325],[1.903,0.442],[2.61,1.149],[2.146,-1.325],[-3.016,-0.7]],"c":true},"ix":2},"nm":"Path 1","mn":"ADBE Vector Shape - Group","hd":false},{"ty":"fl","c":{"a":0,"k":[1,1,1],"ix":4},"o":{"a":0,"k":100,"ix":5},"r":1,"bm":0,"nm":"Fill 1","mn":"ADBE Vector Graphic - Fill","hd":false},{"ty":"tr","p":{"a":0,"k":[18.63,8.988],"ix":2},"a":{"a":0,"k":[0,0],"ix":1},"s":{"a":0,"k":[100,100],"ix":3},"r":{"a":0,"k":0,"ix":6},"o":{"a":0,"k":100,"ix":7},"sk":{"a":0,"k":0,"ix":4},"sa":{"a":0,"k":0,"ix":5},"nm":"Transform"}],"nm":"Group 8","np":2,"cix":2,"bm":0,"ix":8,"mn":"ADBE Vector Group","hd":false},{"ty":"gr","it":[{"ind":0,"ty":"sh","ix":1,"ks":{"a":0,"k":{"i":[[-0.394,0.508],[0,0],[0.395,-0.508],[0,0]],"o":[[0,0],[0.39,-0.502],[0,0],[-0.39,0.502]],"v":[[-1.089,2.211],[1.796,-1.504],[1.089,-2.211],[-1.796,1.504]],"c":true},"ix":2},"nm":"Path 1","mn":"ADBE Vector Shape - Group","hd":false},{"ty":"fl","c":{"a":0,"k":[1,1,1],"ix":4},"o":{"a":0,"k":100,"ix":5},"r":1,"bm":0,"nm":"Fill 1","mn":"ADBE Vector Graphic - Fill","hd":false},{"ty":"tr","p":{"a":0,"k":[15.738,8.691],"ix":2},"a":{"a":0,"k":[0,0],"ix":1},"s":{"a":0,"k":[100,100],"ix":3},"r":{"a":0,"k":0,"ix":6},"o":{"a":0,"k":100,"ix":7},"sk":{"a":0,"k":0,"ix":4},"sa":{"a":0,"k":0,"ix":5},"nm":"Transform"}],"nm":"Group 9","np":2,"cix":2,"bm":0,"ix":9,"mn":"ADBE Vector Group","hd":false},{"ty":"gr","it":[{"ind":0,"ty":"sh","ix":1,"ks":{"a":0,"k":{"i":[[0.031,-0.642],[0.034,-2.874],[-0.007,0.643],[-0.138,2.871]],"o":[[-0.138,2.871],[-0.007,0.643],[0.034,-2.874],[0.031,-0.644]],"v":[[-0.4,-4.318],[-0.624,4.319],[0.377,4.319],[0.6,-4.318]],"c":true},"ix":2},"nm":"Path 1","mn":"ADBE Vector Shape - Group","hd":false},{"ty":"fl","c":{"a":0,"k":[1,1,1],"ix":4},"o":{"a":0,"k":100,"ix":5},"r":1,"bm":0,"nm":"Fill 1","mn":"ADBE Vector Graphic - Fill","hd":false},{"ty":"tr","p":{"a":0,"k":[12.754,13.135],"ix":2},"a":{"a":0,"k":[0,0],"ix":1},"s":{"a":0,"k":[100,100],"ix":3},"r":{"a":0,"k":0,"ix":6},"o":{"a":0,"k":100,"ix":7},"sk":{"a":0,"k":0,"ix":4},"sa":{"a":0,"k":0,"ix":5},"nm":"Transform"}],"nm":"Group 10","np":2,"cix":2,"bm":0,"ix":10,"mn":"ADBE Vector Group","hd":false},{"ty":"gr","it":[{"ind":0,"ty":"sh","ix":1,"ks":{"a":0,"k":{"i":[[-0.294,0.573],[-1.145,1.583],[0.374,-0.518],[0.902,-1.76]],"o":[[0.9,-1.755],[0.377,-0.523],[-1.147,1.587],[-0.294,0.571]],"v":[[-1.337,2.574],[2.117,-2.124],[1.253,-2.63],[-2.2,2.07]],"c":true},"ix":2},"nm":"Path 1","mn":"ADBE Vector Shape - Group","hd":false},{"ty":"fl","c":{"a":0,"k":[1,1,1],"ix":4},"o":{"a":0,"k":100,"ix":5},"r":1,"bm":0,"nm":"Fill 1","mn":"ADBE Vector Graphic - Fill","hd":false},{"ty":"tr","p":{"a":0,"k":[12.639,9.219],"ix":2},"a":{"a":0,"k":[0,0],"ix":1},"s":{"a":0,"k":[100,100],"ix":3},"r":{"a":0,"k":0,"ix":6},"o":{"a":0,"k":100,"ix":7},"sk":{"a":0,"k":0,"ix":4},"sa":{"a":0,"k":0,"ix":5},"nm":"Transform"}],"nm":"Group 11","np":2,"cix":2,"bm":0,"ix":11,"mn":"ADBE Vector Group","hd":false},{"ty":"gr","it":[{"ind":0,"ty":"sh","ix":1,"ks":{"a":0,"k":{"i":[[1.62,0.391],[0.447,0.167],[0.391,1.506],[0,2.455],[-5.472,0],[0,0],[0,-6.973],[5.137,0],[0,0],[0.279,-0.613],[0,0],[0.391,0.614],[0,0],[0.782,0],[1.396,-0.056]],"o":[[-0.446,-0.111],[-1.675,-0.613],[-0.558,-2.399],[0,-7.027],[0,0],[6.645,0],[0,7.027],[0,0],[-0.726,0],[0,0],[-0.336,0.67],[0,0],[-0.391,-0.614],[-1.451,-0.056],[-1.619,0.111]],"v":[[-18.849,8.004],[-20.133,7.613],[-22.925,3.932],[-23.428,-3.431],[-17.062,-13.136],[16.782,-13.358],[23.483,-1.31],[18.011,8.171],[3.946,7.725],[2.327,8.673],[0.429,12.633],[-1.358,12.744],[-3.759,8.952],[-5.546,8.06],[-14.768,8.227]],"c":true},"ix":2},"nm":"Path 1","mn":"ADBE Vector Shape - Group","hd":false},{"ty":"fl","c":{"a":0,"k":[0,0,0],"ix":4},"o":{"a":0,"k":100,"ix":5},"r":1,"bm":0,"nm":"Fill 1","mn":"ADBE Vector Graphic - Fill","hd":false},{"ty":"tr","p":{"a":0,"k":[23.733,13.608],"ix":2},"a":{"a":0,"k":[0,0],"ix":1},"s":{"a":0,"k":[100,100],"ix":3},"r":{"a":0,"k":0,"ix":6},"o":{"a":0,"k":100,"ix":7},"sk":{"a":0,"k":0,"ix":4},"sa":{"a":0,"k":0,"ix":5},"nm":"Transform"}],"nm":"Group 12","np":2,"cix":2,"bm":0,"ix":12,"mn":"ADBE Vector Group","hd":false}],"ip":0,"op":44,"st":0,"ct":1,"bm":0},{"ddd":0,"ind":2,"ty":4,"nm":"rings 3","sr":1,"ks":{"o":{"a":0,"k":100,"ix":11},"r":{"a":0,"k":0,"ix":10},"p":{"a":0,"k":[210.041,260.893,0],"ix":2,"l":2},"a":{"a":0,"k":[10.009,2.795,0],"ix":1,"l":2},"s":{"a":1,"k":[{"i":{"x":[0.667,0.667,0.667],"y":[1,1,1]},"o":{"x":[0.333,0.333,0.333],"y":[0,0,0]},"t":0,"s":[0,0,100]},{"i":{"x":[0.667,0.667,0.667],"y":[1,1,1]},"o":{"x":[0.333,0.333,0.333],"y":[0,0,0]},"t":4,"s":[180,180,100]},{"i":{"x":[0.667,0.667,0.667],"y":[1,1,1]},"o":{"x":[0.333,0.333,0.333],"y":[0,0,0]},"t":7,"s":[150,150,100]},{"i":{"x":[0.667,0.667,0.667],"y":[1,1,1]},"o":{"x":[0.333,0.333,0.333],"y":[0,0,0]},"t":9,"s":[155,155,100]},{"i":{"x":[0.667,0.667,0.667],"y":[1,1,1]},"o":{"x":[0.333,0.333,0.333],"y":[0,0,0]},"t":10,"s":[150,150,100]},{"i":{"x":[0.667,0.667,0.667],"y":[1,1,1]},"o":{"x":[0.333,0.333,0.333],"y":[0,0,0]},"t":29,"s":[150,150,100]},{"i":{"x":[0.667,0.667,0.667],"y":[1,1,1]},"o":{"x":[0.333,0.333,0.333],"y":[0,0,0]},"t":30,"s":[180,180,100]},{"t":36,"s":[0,0,100]}],"ix":6,"l":2}},"ao":0,"shapes":[{"ty":"gr","it":[{"ind":0,"ty":"sh","ix":1,"ks":{"a":0,"k":{"i":[[0.044,-0.047],[-0.387,-0.183],[-0.836,-0.144],[-2.169,0],[-1.507,0.306],[-0.385,0.218],[-0.046,0.164],[0,0],[0.004,0.007],[0.194,0.103],[0.878,0.144],[2.55,0],[1.531,-0.358],[0.351,-0.198]],"o":[[0.049,0.092],[0.462,0.218],[1.664,0.286],[2.675,0],[0.755,-0.152],[0.387,-0.217],[0.002,-0.006],[0,0],[-0.026,-0.039],[-0.387,-0.205],[-1.737,-0.287],[-2.529,0],[-0.771,0.181],[-0.149,0.085]],"v":[[-8.58,0.003],[-8.002,0.436],[-6.035,0.981],[-0.016,1.377],[6.302,0.94],[8.006,0.38],[8.585,-0.209],[8.588,-0.216],[8.583,-0.224],[8.284,-0.449],[6.374,-0.981],[-0.351,-1.377],[-6.611,-0.782],[-8.301,-0.199]],"c":true},"ix":2},"nm":"Path 1","mn":"ADBE Vector Shape - Group","hd":false},{"ind":1,"ty":"sh","ix":2,"ks":{"a":0,"k":{"i":[[-0.811,0.19],[-2.586,0],[-1.827,-0.302],[-0.55,-0.293],[-0.175,-0.268],[0.102,-0.358],[0.527,-0.297],[0.807,-0.163],[2.692,0],[1.753,0.302],[0.594,0.28],[0.114,0.673],[0,0],[-0.172,0.217],[-0.241,0.137]],"o":[[1.634,-0.383],[2.564,0],[0.904,0.149],[0.276,0.146],[0.193,0.294],[-0.163,0.577],[-0.529,0.298],[-1.617,0.328],[-2.191,0],[-0.873,-0.15],[-0.561,-0.265],[0,0],[-0.055,-0.341],[0.163,-0.208],[0.485,-0.275]],"v":[[-6.858,-1.921],[-0.351,-2.545],[6.55,-2.135],[8.795,-1.489],[9.512,-0.88],[9.663,0.121],[8.542,1.408],[6.517,2.087],[-0.016,2.545],[-6.218,2.133],[-8.467,1.5],[-9.709,0.145],[-9.71,0.139],[-9.47,-0.713],[-8.839,-1.224]],"c":true},"ix":2},"nm":"Path 2","mn":"ADBE Vector Shape - Group","hd":false},{"ty":"mm","mm":1,"nm":"Merge Paths 1","mn":"ADBE Vector Filter - Merge","hd":false},{"ty":"fl","c":{"a":0,"k":[1,1,1],"ix":4},"o":{"a":0,"k":100,"ix":5},"r":1,"bm":0,"nm":"Fill 1","mn":"ADBE Vector Graphic - Fill","hd":false},{"ty":"tr","p":{"a":0,"k":[10.015,2.795],"ix":2},"a":{"a":0,"k":[0,0],"ix":1},"s":{"a":0,"k":[100,100],"ix":3},"r":{"a":0,"k":0,"ix":6},"o":{"a":0,"k":100,"ix":7},"sk":{"a":0,"k":0,"ix":4},"sa":{"a":0,"k":0,"ix":5},"nm":"Transform"}],"nm":"Group 1","np":4,"cix":2,"bm":0,"ix":1,"mn":"ADBE Vector Group","hd":false},{"ty":"gr","it":[{"ind":0,"ty":"sh","ix":1,"ks":{"a":0,"k":{"i":[[0.089,-0.463],[2.044,0],[0.089,0.54],[-1.956,0]],"o":[[-0.178,0.54],[-1.689,0],[-0.088,-0.386],[1.867,0]],"v":[[3.467,0],[0,0.694],[-3.468,0],[-0.089,-0.694]],"c":true},"ix":2},"nm":"Path 1","mn":"ADBE Vector Shape - Group","hd":false},{"ty":"fl","c":{"a":0,"k":[1,1,1],"ix":4},"o":{"a":0,"k":100,"ix":5},"r":1,"bm":0,"nm":"Fill 1","mn":"ADBE Vector Graphic - Fill","hd":false},{"ty":"tr","p":{"a":0,"k":[9.779,2.795],"ix":2},"a":{"a":0,"k":[0,0],"ix":1},"s":{"a":0,"k":[100,100],"ix":3},"r":{"a":0,"k":0,"ix":6},"o":{"a":0,"k":100,"ix":7},"sk":{"a":0,"k":0,"ix":4},"sa":{"a":0,"k":0,"ix":5},"nm":"Transform"}],"nm":"Group 2","np":2,"cix":2,"bm":0,"ix":2,"mn":"ADBE Vector Group","hd":false}],"ip":0,"op":44,"st":0,"ct":1,"bm":0}]},{"id":"comp_3","nm":"arabic","fr":24,"layers":[{"ddd":0,"ind":1,"ty":4,"nm":"Layer 11","sr":1,"ks":{"o":{"a":0,"k":100,"ix":11},"r":{"a":0,"k":0,"ix":10},"p":{"a":0,"k":[212.5,264.5,0],"ix":2,"l":2},"a":{"a":0,"k":[25.76,13.515,0],"ix":1,"l":2},"s":{"a":1,"k":[{"i":{"x":[0.667,0.667,0.667],"y":[1,1,1]},"o":{"x":[0.333,0.333,0.333],"y":[0,0,0]},"t":8,"s":[0,0,100]},{"i":{"x":[0.667,0.667,0.667],"y":[1,1,1]},"o":{"x":[0.333,0.333,0.333],"y":[0,0,0]},"t":12,"s":[180,180,100]},{"i":{"x":[0.667,0.667,0.667],"y":[1,1,1]},"o":{"x":[0.333,0.333,0.333],"y":[0,0,0]},"t":15,"s":[150,150,100]},{"i":{"x":[0.667,0.667,0.667],"y":[1,1,1]},"o":{"x":[0.333,0.333,0.333],"y":[0,0,0]},"t":17,"s":[155,155,100]},{"i":{"x":[0.667,0.667,0.667],"y":[1,1,1]},"o":{"x":[0.333,0.333,0.333],"y":[0,0,0]},"t":18,"s":[150,150,100]},{"i":{"x":[0.667,0.667,0.667],"y":[1,1,1]},"o":{"x":[0.333,0.333,0.333],"y":[0,0,0]},"t":30,"s":[150,150,100]},{"i":{"x":[0.667,0.667,0.667],"y":[1,1,1]},"o":{"x":[0.333,0.333,0.333],"y":[0,0,0]},"t":31,"s":[180,180,100]},{"t":37,"s":[0,0,100]}],"ix":6,"l":2}},"ao":0,"shapes":[{"ty":"gr","it":[{"ind":0,"ty":"sh","ix":1,"ks":{"a":0,"k":{"i":[[0.332,0],[0,0],[0,0.331],[-0.331,0],[0,0],[0,-0.331]],"o":[[0,0],[-0.331,0],[0,-0.331],[0,0],[0.332,0],[0,0.331]],"v":[[0.086,0.6],[-0.086,0.6],[-0.686,-0.001],[-0.086,-0.6],[0.086,-0.6],[0.686,-0.001]],"c":true},"ix":2},"nm":"Path 1","mn":"ADBE Vector Shape - Group","hd":false},{"ty":"fl","c":{"a":0,"k":[1,1,1],"ix":4},"o":{"a":0,"k":100,"ix":5},"r":1,"bm":0,"nm":"Fill 1","mn":"ADBE Vector Graphic - Fill","hd":false},{"ty":"tr","p":{"a":0,"k":[15.444,17.493],"ix":2},"a":{"a":0,"k":[0,0],"ix":1},"s":{"a":0,"k":[100,100],"ix":3},"r":{"a":0,"k":0,"ix":6},"o":{"a":0,"k":100,"ix":7},"sk":{"a":0,"k":0,"ix":4},"sa":{"a":0,"k":0,"ix":5},"nm":"Transform"}],"nm":"Group 1","np":2,"cix":2,"bm":0,"ix":1,"mn":"ADBE Vector Group","hd":false},{"ty":"gr","it":[{"ind":0,"ty":"sh","ix":1,"ks":{"a":0,"k":{"i":[[0.415,-1.067],[0.003,-0.013],[-0.089,-0.087],[-0.696,0.179],[0.191,1.127],[0.54,0.161]],"o":[[-0.002,0.012],[-0.18,0.773],[0.426,0.416],[0.437,-0.113],[-0.09,-0.529],[-0.993,-0.298]],"v":[[1.056,0.151],[1.049,0.188],[1.229,1.312],[3.318,1.584],[3.941,0.15],[2.888,-1.004]],"c":true},"ix":2},"nm":"Path 1","mn":"ADBE Vector Shape - Group","hd":false},{"ind":1,"ty":"sh","ix":2,"ks":{"a":0,"k":{"i":[[0.391,0],[0.525,0.511],[0.052,0.065],[1.548,0.143],[0.032,0.954],[-0.33,0.012],[-0.013,-0.33],[-1.046,-0.096],[-0.246,0.553],[-0.072,0.219],[-2.451,-0.731],[-0.165,-0.97],[0.866,-0.223]],"o":[[-0.781,0],[-0.053,-0.052],[-0.719,0.799],[-1.678,-0.157],[-0.011,-0.33],[0.364,0.015],[0.001,0.017],[2.008,0.186],[0.071,-0.161],[0.345,-1.046],[0.969,0.289],[0.324,1.909],[-0.348,0.089]],"v":[[2.492,2.886],[0.39,2.171],[0.232,1.996],[-3.224,2.541],[-5.437,-0.411],[-4.86,-1.029],[-4.238,-0.452],[-3.113,1.345],[-0.492,0.92],[-0.284,0.339],[3.23,-2.155],[5.124,-0.051],[3.617,2.746]],"c":true},"ix":2},"nm":"Path 2","mn":"ADBE Vector Shape - Group","hd":false},{"ty":"mm","mm":1,"nm":"Merge Paths 1","mn":"ADBE Vector Filter - Merge","hd":false},{"ty":"fl","c":{"a":0,"k":[1,1,1],"ix":4},"o":{"a":0,"k":100,"ix":5},"r":1,"bm":0,"nm":"Fill 1","mn":"ADBE Vector Graphic - Fill","hd":false},{"ty":"tr","p":{"a":0,"k":[37.437,12.88],"ix":2},"a":{"a":0,"k":[0,0],"ix":1},"s":{"a":0,"k":[100,100],"ix":3},"r":{"a":0,"k":0,"ix":6},"o":{"a":0,"k":100,"ix":7},"sk":{"a":0,"k":0,"ix":4},"sa":{"a":0,"k":0,"ix":5},"nm":"Transform"}],"nm":"Group 2","np":4,"cix":2,"bm":0,"ix":2,"mn":"ADBE Vector Group","hd":false},{"ty":"gr","it":[{"ind":0,"ty":"sh","ix":1,"ks":{"a":0,"k":{"i":[[0.059,0],[0.079,0.258],[-0.317,0.098],[-1.611,0.382],[-0.694,0.486],[0.238,0.952],[-0.322,0.08],[-0.081,-0.321],[1.976,-1.384],[0.744,-0.178],[0.008,-0.002]],"o":[[-0.256,0],[-0.098,-0.316],[0.033,-0.011],[0.597,-0.142],[1.305,-0.914],[-0.08,-0.321],[0.319,-0.085],[0.249,0.996],[-0.819,0.573],[-1.567,0.372],[-0.059,0.018]],"v":[[-3.104,3.915],[-3.678,3.491],[-3.281,2.741],[-0.833,2.101],[1.111,1.155],[2.096,-3.103],[2.533,-3.829],[3.26,-3.394],[1.799,2.138],[-0.555,3.269],[-2.928,3.888]],"c":true},"ix":2},"nm":"Path 1","mn":"ADBE Vector Shape - Group","hd":false},{"ty":"fl","c":{"a":0,"k":[1,1,1],"ix":4},"o":{"a":0,"k":100,"ix":5},"r":1,"bm":0,"nm":"Fill 1","mn":"ADBE Vector Graphic - Fill","hd":false},{"ty":"tr","p":{"a":0,"k":[29.809,15.179],"ix":2},"a":{"a":0,"k":[0,0],"ix":1},"s":{"a":0,"k":[100,100],"ix":3},"r":{"a":0,"k":0,"ix":6},"o":{"a":0,"k":100,"ix":7},"sk":{"a":0,"k":0,"ix":4},"sa":{"a":0,"k":0,"ix":5},"nm":"Transform"}],"nm":"Group 3","np":2,"cix":2,"bm":0,"ix":3,"mn":"ADBE Vector Group","hd":false},{"ty":"gr","it":[{"ind":0,"ty":"sh","ix":1,"ks":{"a":0,"k":{"i":[[0.052,0],[0.91,0.944],[0.01,2.326],[0.014,0.468],[0,0.026],[-0.331,0],[0,0],[0.001,-0.332],[-0.072,-2.52],[-0.003,-0.501],[-0.356,-0.369],[-0.503,0.02],[-0.28,0.374],[0.026,0.463],[0,0],[0,0],[-0.117,0.008],[-0.187,-0.596],[-0.549,-0.458],[-1.025,0.709],[0,0],[-0.327,0.232],[-0.014,0.113],[0.127,0.148],[0.503,0.015],[0.093,0.01],[0.013,-0.001],[0.03,0.33],[-0.33,0.031],[-1.416,-0.156],[-0.123,-0.003],[-0.721,-0.841],[0.055,-0.448],[0.492,-0.348],[0.482,-0.328],[0,0],[1.445,1.203],[0.226,0.453],[0.187,-0.251],[0.755,-0.047]],"o":[[-0.597,0],[-0.643,-0.666],[-0.002,-0.49],[-0.074,-2.539],[0.001,-0.331],[0,0],[0.331,0],[0,0.026],[0.014,0.479],[0.006,1.297],[0.531,0.55],[0.403,-0.026],[0.437,-0.583],[0,0],[0,0],[0.088,-0.525],[0.515,-0.044],[0.205,0.653],[1.369,1.139],[0,0],[0.475,-0.325],[0.199,-0.142],[0.012,-0.102],[-0.375,-0.437],[-0.162,-0.003],[-1.297,-0.14],[-0.317,0.035],[-0.03,-0.33],[0.051,-0.004],[0.069,0.007],[0.727,0.02],[0.356,0.415],[-0.057,0.466],[-0.333,0.235],[0,0],[-2.22,1.536],[-0.354,-0.294],[-0.1,0.326],[-0.492,0.655],[-0.047,0.003]],"v":[[-4.633,6.2],[-6.994,5.035],[-7.7,0.583],[-7.718,-0.868],[-7.79,-5.982],[-7.19,-6.58],[-7.189,-6.58],[-6.59,-5.98],[-6.519,-0.904],[-6.5,0.578],[-6.13,4.203],[-4.558,4.998],[-3.483,4.37],[-3.046,1.872],[-3.05,1.805],[-3.039,1.74],[-2.446,1.139],[-1.604,2.129],[-0.469,4.455],[3.847,3.867],[4.97,3.097],[6.215,2.239],[6.546,1.844],[6.366,1.451],[4.441,0.971],[4.051,0.953],[1.574,0.917],[0.922,0.374],[1.466,-0.279],[4.18,-0.24],[4.474,-0.228],[7.277,0.67],[7.737,1.99],[6.909,3.218],[5.646,4.088],[4.531,4.853],[-1.237,5.377],[-2.098,4.206],[-2.523,5.091],[-4.485,6.195]],"c":true},"ix":2},"nm":"Path 1","mn":"ADBE Vector Shape - Group","hd":false},{"ty":"fl","c":{"a":0,"k":[1,1,1],"ix":4},"o":{"a":0,"k":100,"ix":5},"r":1,"bm":0,"nm":"Fill 1","mn":"ADBE Vector Graphic - Fill","hd":false},{"ty":"tr","p":{"a":0,"k":[17.696,9.536],"ix":2},"a":{"a":0,"k":[0,0],"ix":1},"s":{"a":0,"k":[100,100],"ix":3},"r":{"a":0,"k":0,"ix":6},"o":{"a":0,"k":100,"ix":7},"sk":{"a":0,"k":0,"ix":4},"sa":{"a":0,"k":0,"ix":5},"nm":"Transform"}],"nm":"Group 4","np":2,"cix":2,"bm":0,"ix":4,"mn":"ADBE Vector Group","hd":false},{"ty":"gr","it":[{"ind":0,"ty":"sh","ix":1,"ks":{"a":0,"k":{"i":[[1.62,0.39],[0.447,0.167],[0.391,1.506],[0,2.455],[-5.472,0],[0,0],[0,-6.972],[5.137,0],[0,0],[0.279,-0.613],[0,0],[0.391,0.614],[0,0],[0.782,0],[1.396,-0.056]],"o":[[-0.446,-0.112],[-1.675,-0.613],[-0.558,-2.399],[0,-7.027],[0,0],[6.645,0],[0,7.028],[0,0],[-0.726,0],[0,0],[-0.336,0.669],[0,0],[-0.391,-0.614],[-1.451,-0.056],[-1.619,0.111]],"v":[[-20.849,8.004],[-22.133,7.613],[-24.925,3.932],[-25.428,-3.431],[-19.062,-13.136],[18.782,-13.358],[25.483,-1.311],[20.011,8.171],[5.946,7.725],[4.327,8.673],[2.429,12.633],[0.642,12.744],[-1.759,8.952],[-3.546,8.06],[-15.768,8.227]],"c":true},"ix":2},"nm":"Path 1","mn":"ADBE Vector Shape - Group","hd":false},{"ty":"fl","c":{"a":0,"k":[0,0,0],"ix":4},"o":{"a":0,"k":100,"ix":5},"r":1,"bm":0,"nm":"Fill 1","mn":"ADBE Vector Graphic - Fill","hd":false},{"ty":"tr","p":{"a":0,"k":[25.733,13.608],"ix":2},"a":{"a":0,"k":[0,0],"ix":1},"s":{"a":0,"k":[100,100],"ix":3},"r":{"a":0,"k":0,"ix":6},"o":{"a":0,"k":100,"ix":7},"sk":{"a":0,"k":0,"ix":4},"sa":{"a":0,"k":0,"ix":5},"nm":"Transform"}],"nm":"Group 5","np":2,"cix":2,"bm":0,"ix":5,"mn":"ADBE Vector Group","hd":false}],"ip":0,"op":37,"st":0,"ct":1,"bm":0},{"ddd":0,"ind":2,"ty":4,"nm":"rings 2","sr":1,"ks":{"o":{"a":0,"k":100,"ix":11},"r":{"a":0,"k":0,"ix":10},"p":{"a":0,"k":[214.541,284.393,0],"ix":2,"l":2},"a":{"a":0,"k":[10.009,2.795,0],"ix":1,"l":2},"s":{"a":1,"k":[{"i":{"x":[0.667,0.667,0.667],"y":[1,1,1]},"o":{"x":[0.333,0.333,0.333],"y":[0,0,0]},"t":0,"s":[0,0,100]},{"i":{"x":[0.667,0.667,0.667],"y":[1,1,1]},"o":{"x":[0.333,0.333,0.333],"y":[0,0,0]},"t":4,"s":[180,180,100]},{"i":{"x":[0.667,0.667,0.667],"y":[1,1,1]},"o":{"x":[0.333,0.333,0.333],"y":[0,0,0]},"t":7,"s":[150,150,100]},{"i":{"x":[0.667,0.667,0.667],"y":[1,1,1]},"o":{"x":[0.333,0.333,0.333],"y":[0,0,0]},"t":9,"s":[155,155,100]},{"i":{"x":[0.667,0.667,0.667],"y":[1,1,1]},"o":{"x":[0.333,0.333,0.333],"y":[0,0,0]},"t":10,"s":[150,150,100]},{"i":{"x":[0.667,0.667,0.667],"y":[1,1,1]},"o":{"x":[0.333,0.333,0.333],"y":[0,0,0]},"t":22,"s":[150,150,100]},{"i":{"x":[0.667,0.667,0.667],"y":[1,1,1]},"o":{"x":[0.333,0.333,0.333],"y":[0,0,0]},"t":23,"s":[180,180,100]},{"t":29,"s":[0,0,100]}],"ix":6,"l":2}},"ao":0,"shapes":[{"ty":"gr","it":[{"ind":0,"ty":"sh","ix":1,"ks":{"a":0,"k":{"i":[[0.044,-0.047],[-0.387,-0.183],[-0.836,-0.144],[-2.169,0],[-1.507,0.306],[-0.385,0.218],[-0.046,0.164],[0,0],[0.004,0.007],[0.194,0.103],[0.878,0.144],[2.55,0],[1.531,-0.358],[0.351,-0.198]],"o":[[0.049,0.092],[0.462,0.218],[1.664,0.286],[2.675,0],[0.755,-0.152],[0.387,-0.217],[0.002,-0.006],[0,0],[-0.026,-0.039],[-0.387,-0.205],[-1.737,-0.287],[-2.529,0],[-0.771,0.181],[-0.149,0.085]],"v":[[-8.58,0.003],[-8.002,0.436],[-6.035,0.981],[-0.016,1.377],[6.302,0.94],[8.006,0.38],[8.585,-0.209],[8.588,-0.216],[8.583,-0.224],[8.284,-0.449],[6.374,-0.981],[-0.351,-1.377],[-6.611,-0.782],[-8.301,-0.199]],"c":true},"ix":2},"nm":"Path 1","mn":"ADBE Vector Shape - Group","hd":false},{"ind":1,"ty":"sh","ix":2,"ks":{"a":0,"k":{"i":[[-0.811,0.19],[-2.586,0],[-1.827,-0.302],[-0.55,-0.293],[-0.175,-0.268],[0.102,-0.358],[0.527,-0.297],[0.807,-0.163],[2.692,0],[1.753,0.302],[0.594,0.28],[0.114,0.673],[0,0],[-0.172,0.217],[-0.241,0.137]],"o":[[1.634,-0.383],[2.564,0],[0.904,0.149],[0.276,0.146],[0.193,0.294],[-0.163,0.577],[-0.529,0.298],[-1.617,0.328],[-2.191,0],[-0.873,-0.15],[-0.561,-0.265],[0,0],[-0.055,-0.341],[0.163,-0.208],[0.485,-0.275]],"v":[[-6.858,-1.921],[-0.351,-2.545],[6.55,-2.135],[8.795,-1.489],[9.512,-0.88],[9.663,0.121],[8.542,1.408],[6.517,2.087],[-0.016,2.545],[-6.218,2.133],[-8.467,1.5],[-9.709,0.145],[-9.71,0.139],[-9.47,-0.713],[-8.839,-1.224]],"c":true},"ix":2},"nm":"Path 2","mn":"ADBE Vector Shape - Group","hd":false},{"ty":"mm","mm":1,"nm":"Merge Paths 1","mn":"ADBE Vector Filter - Merge","hd":false},{"ty":"fl","c":{"a":0,"k":[1,1,1],"ix":4},"o":{"a":0,"k":100,"ix":5},"r":1,"bm":0,"nm":"Fill 1","mn":"ADBE Vector Graphic - Fill","hd":false},{"ty":"tr","p":{"a":0,"k":[10.015,2.795],"ix":2},"a":{"a":0,"k":[0,0],"ix":1},"s":{"a":0,"k":[100,100],"ix":3},"r":{"a":0,"k":0,"ix":6},"o":{"a":0,"k":100,"ix":7},"sk":{"a":0,"k":0,"ix":4},"sa":{"a":0,"k":0,"ix":5},"nm":"Transform"}],"nm":"Group 1","np":4,"cix":2,"bm":0,"ix":1,"mn":"ADBE Vector Group","hd":false},{"ty":"gr","it":[{"ind":0,"ty":"sh","ix":1,"ks":{"a":0,"k":{"i":[[0.089,-0.463],[2.044,0],[0.089,0.54],[-1.956,0]],"o":[[-0.178,0.54],[-1.689,0],[-0.088,-0.386],[1.867,0]],"v":[[3.467,0],[0,0.694],[-3.468,0],[-0.089,-0.694]],"c":true},"ix":2},"nm":"Path 1","mn":"ADBE Vector Shape - Group","hd":false},{"ty":"fl","c":{"a":0,"k":[1,1,1],"ix":4},"o":{"a":0,"k":100,"ix":5},"r":1,"bm":0,"nm":"Fill 1","mn":"ADBE Vector Graphic - Fill","hd":false},{"ty":"tr","p":{"a":0,"k":[9.779,2.795],"ix":2},"a":{"a":0,"k":[0,0],"ix":1},"s":{"a":0,"k":[100,100],"ix":3},"r":{"a":0,"k":0,"ix":6},"o":{"a":0,"k":100,"ix":7},"sk":{"a":0,"k":0,"ix":4},"sa":{"a":0,"k":0,"ix":5},"nm":"Transform"}],"nm":"Group 2","np":2,"cix":2,"bm":0,"ix":2,"mn":"ADBE Vector Group","hd":false}],"ip":0,"op":37,"st":0,"ct":1,"bm":0}]}],"layers":[{"ddd":0,"ind":1,"ty":0,"nm":"hello_US","parent":6,"refId":"comp_0","sr":1,"ks":{"o":{"a":0,"k":100,"ix":11},"r":{"a":0,"k":0,"ix":10},"p":{"a":0,"k":[-396.998,-27.5,0],"ix":2,"l":2},"a":{"a":0,"k":[466.5,262.5,0],"ix":1,"l":2},"s":{"a":0,"k":[100,100,100],"ix":6,"l":2}},"ao":0,"w":933,"h":525,"ip":83,"op":125,"st":83,"bm":0},{"ddd":0,"ind":2,"ty":0,"nm":"bonjour_French","parent":6,"refId":"comp_1","sr":1,"ks":{"o":{"a":0,"k":100,"ix":11},"r":{"a":0,"k":0,"ix":10},"p":{"a":0,"k":[-637.998,-27.5,0],"ix":2,"l":2},"a":{"a":0,"k":[466.5,262.5,0],"ix":1,"l":2},"s":{"a":0,"k":[100,100,100],"ix":6,"l":2}},"ao":0,"w":933,"h":525,"ip":129,"op":170,"st":129,"bm":0},{"ddd":0,"ind":3,"ty":0,"nm":"chinese","parent":6,"refId":"comp_2","sr":1,"ks":{"o":{"a":0,"k":100,"ix":11},"r":{"a":0,"k":0,"ix":10},"p":{"a":0,"k":[-207.998,-27.5,0],"ix":2,"l":2},"a":{"a":0,"k":[466.5,262.5,0],"ix":1,"l":2},"s":{"a":0,"k":[100,100,100],"ix":6,"l":2}},"ao":0,"w":933,"h":525,"ip":45,"op":89,"st":45,"bm":0},{"ddd":0,"ind":4,"ty":0,"nm":"arabic","parent":6,"refId":"comp_3","sr":1,"ks":{"o":{"a":0,"k":100,"ix":11},"r":{"a":0,"k":0,"ix":10},"p":{"a":0,"k":[92.002,-31.5,0],"ix":2,"l":2},"a":{"a":0,"k":[466.5,262.5,0],"ix":1,"l":2},"s":{"a":0,"k":[100,100,100],"ix":6,"l":2}},"ao":0,"w":933,"h":525,"ip":0,"op":37,"st":0,"bm":0},{"ddd":0,"ind":5,"ty":4,"nm":"earth","td":1,"sr":1,"ks":{"o":{"a":0,"k":100,"ix":11},"r":{"a":0,"k":0,"ix":10},"p":{"a":0,"k":[133.483,130.981,0],"ix":2,"l":2},"a":{"a":0,"k":[133.775,132.637,0],"ix":1,"l":2},"s":{"a":0,"k":[100,100,100],"ix":6,"l":2}},"ao":0,"shapes":[{"ty":"gr","it":[{"ind":0,"ty":"sh","ix":1,"ks":{"a":0,"k":{"i":[[0,-73.744],[73.735,1.135],[0,73.743],[-66.759,1.26]],"o":[[0,73.743],[-81.875,-1.259],[0,-73.744],[73.731,-1.391]],"v":[[133.525,0.892],[5.954,131.127],[-133.525,0.892],[2.175,-130.871]],"c":true},"ix":2},"nm":"Path 1","mn":"ADBE Vector Shape - Group","hd":false},{"ty":"fl","c":{"a":0,"k":[0.714,0.922,0.91],"ix":4},"o":{"a":0,"k":100,"ix":5},"r":1,"bm":0,"nm":"Fill 1","mn":"ADBE Vector Graphic - Fill","hd":false},{"ty":"tr","p":{"a":0,"k":[133.775,132.512],"ix":2},"a":{"a":0,"k":[0,0],"ix":1},"s":{"a":0,"k":[100,100],"ix":3},"r":{"a":0,"k":0,"ix":6},"o":{"a":0,"k":100,"ix":7},"sk":{"a":0,"k":0,"ix":4},"sa":{"a":0,"k":0,"ix":5},"nm":"Transform"}],"nm":"Group 1","np":2,"cix":2,"bm":0,"ix":1,"mn":"ADBE Vector Group","hd":false}],"ip":0,"op":192,"st":0,"ct":1,"bm":0},{"ddd":0,"ind":6,"ty":4,"nm":"Shape Layer 1","tt":1,"sr":1,"ks":{"o":{"a":0,"k":100,"ix":11},"r":{"a":0,"k":0,"ix":10},"p":{"a":1,"k":[{"i":{"x":0.833,"y":0.833},"o":{"x":0.167,"y":0.167},"t":0,"s":[-387.197,117.944,0],"to":[182.5,0,0],"ti":[-182.5,0,0]},{"t":191,"s":[707.803,117.944,0]}],"ix":2,"l":2},"a":{"a":0,"k":[-598.197,-12.811,0],"ix":1,"l":2},"s":{"a":0,"k":[100,100,100],"ix":6,"l":2}},"ao":0,"shapes":[{"ty":"gr","it":[{"ty":"gr","it":[{"ind":0,"ty":"sh","ix":1,"ks":{"a":0,"k":{"i":[[-4.5,-8.5],[-7.5,-5.5],[-8,-10.5],[5.5,-16]],"o":[[4.5,8.5],[7.5,5.5],[8,10.5],[-5.5,16]],"v":[[16.5,-5.5],[43,12],[47,29.5],[60.5,62.5]],"c":false},"ix":2},"nm":"Path 1","mn":"ADBE Vector Shape - Group","hd":false},{"ty":"st","c":{"a":0,"k":[0,0,0],"ix":3},"o":{"a":0,"k":100,"ix":4},"w":{"a":0,"k":1,"ix":5},"lc":1,"lj":1,"ml":4,"bm":0,"nm":"Stroke 1","mn":"ADBE Vector Graphic - Stroke","hd":false},{"ty":"tr","p":{"a":0,"k":[0,0],"ix":2},"a":{"a":0,"k":[0,0],"ix":1},"s":{"a":0,"k":[100,100],"ix":3},"r":{"a":0,"k":0,"ix":6},"o":{"a":0,"k":100,"ix":7},"sk":{"a":0,"k":0,"ix":4},"sa":{"a":0,"k":0,"ix":5},"nm":"Transform"}],"nm":"Shape 16","np":3,"cix":2,"bm":0,"ix":1,"mn":"ADBE Vector Group","hd":false},{"ty":"gr","it":[{"ind":0,"ty":"sh","ix":1,"ks":{"a":0,"k":{"i":[[-3,-3.5],[-8.25,-3.75],[-3.5,2.5]],"o":[[3,3.5],[8.25,3.75],[3.5,-2.5]],"v":[[-140.5,-8.5],[-122.75,11.75],[-109.75,-0.25]],"c":false},"ix":2},"nm":"Path 1","mn":"ADBE Vector Shape - Group","hd":false},{"ty":"st","c":{"a":0,"k":[0,0,0],"ix":3},"o":{"a":0,"k":100,"ix":4},"w":{"a":0,"k":1,"ix":5},"lc":1,"lj":1,"ml":4,"bm":0,"nm":"Stroke 1","mn":"ADBE Vector Graphic - Stroke","hd":false},{"ty":"tr","p":{"a":0,"k":[0,0],"ix":2},"a":{"a":0,"k":[0,0],"ix":1},"s":{"a":0,"k":[100,100],"ix":3},"r":{"a":0,"k":0,"ix":6},"o":{"a":0,"k":100,"ix":7},"sk":{"a":0,"k":0,"ix":4},"sa":{"a":0,"k":0,"ix":5},"nm":"Transform"}],"nm":"Shape 14","np":3,"cix":2,"bm":0,"ix":2,"mn":"ADBE Vector Group","hd":false},{"ty":"gr","it":[{"ind":0,"ty":"sh","ix":1,"ks":{"a":0,"k":{"i":[[11.75,4.25],[14.5,1.75],[5.75,4],[10.75,-1],[7.75,3.75],[2.75,-6.75],[4.25,1.25],[-0.5,-6],[5.5,0.75],[3.75,4.5],[15.5,4.25],[-0.75,-5.75],[-1.5,5.25],[0.25,-7.75],[2.75,1.75],[1.25,-3.75],[4.25,-0.75],[-8.25,-1.25],[-8.25,5.25],[-6.5,1],[-3,2.75],[-4,2.5],[-12.25,-4.5],[4,-2.75],[0,-1],[7.25,-2],[20.5,2],[-12.25,-1.75],[-5,-25.25],[-5.25,14.5],[2.5,3.25],[-1,5.5],[-4.25,2.75],[-1.5,10.5],[-9.25,-12.75],[-4.75,2.75],[-2.75,1.25],[-2.75,1.75],[1.25,5.75],[-6.75,7],[-0.25,6.25],[-2.25,1.75],[-5.75,3],[5.5,8.25],[-3.25,1.25],[-5.75,6],[-2.25,-9.25],[2.5,6.25],[-7.5,5.75],[0.5,8]],"o":[[-11.75,-4.25],[-14.5,-1.75],[-5.75,-4],[-10.75,1],[-7.75,-3.75],[-2.75,6.75],[-4.25,-1.25],[0.5,6],[-5.5,-0.75],[-3.75,-4.5],[-15.5,-4.25],[0.75,5.75],[1.5,-5.25],[-0.25,7.75],[-2.75,-1.75],[-1.25,3.75],[-4.25,0.75],[8.25,1.25],[8.25,-5.25],[6.5,-1],[3,-2.75],[4,-2.5],[12.25,4.5],[-4,2.75],[0,1],[-7.25,2],[-20.5,-2],[12.25,1.75],[5,25.25],[5.25,-14.5],[-2.5,-3.25],[1,-5.5],[4.25,-2.75],[1.5,-10.5],[9.25,12.75],[4.75,-2.75],[2.75,-1.25],[2.75,-1.75],[-1.25,-5.75],[6.75,-7],[0.25,-6.25],[2.25,-1.75],[5.75,-3],[-5.5,-8.25],[3.25,-1.25],[5.75,-6],[2.25,9.25],[-2.5,-6.25],[7.5,-5.75],[-0.5,-8]],"v":[[-42.25,-118.75],[-71.75,-113.5],[-95.25,-108],[-109.75,-110.75],[-124.5,-118.5],[-139.75,-105.75],[-152.5,-98.75],[-156.25,-91.25],[-168,-84.25],[-179.5,-76],[-186.75,-86.75],[-208.5,-63.25],[-197.5,-62.75],[-190.25,-61.5],[-203,-53.75],[-214.75,-46.5],[-222.75,-37.75],[-223.5,-26.75],[-210.5,-36.75],[-198.5,-26.75],[-199.5,-38],[-188,-28.75],[-172.25,-41.5],[-181.25,-29.25],[-174.75,-24],[-181,-17.5],[-216.5,-25.25],[-223,12.25],[-198.5,52.25],[-166,43],[-153,8.5],[-169.75,-2.75],[-150.5,1.75],[-152.25,-13.75],[-126.25,5.5],[-108.75,-5.5],[-92.75,16.75],[-93,6.25],[-85,6.75],[-76,-12.5],[-77.25,-32],[-66.5,-29.25],[-62,-42.25],[-60.25,-57.5],[-64.75,-75.25],[-54.25,-80.5],[-47,-70.25],[-40.5,-70.25],[-38,-88],[-33,-102.25]],"c":true},"ix":2},"nm":"Path 1","mn":"ADBE Vector Shape - Group","hd":false},{"ty":"fl","c":{"a":0,"k":[1,1,1],"ix":4},"o":{"a":0,"k":100,"ix":5},"r":1,"bm":0,"nm":"Fill 1","mn":"ADBE Vector Graphic - Fill","hd":false},{"ty":"tr","p":{"a":0,"k":[0,0],"ix":2},"a":{"a":0,"k":[0,0],"ix":1},"s":{"a":0,"k":[100,100],"ix":3},"r":{"a":0,"k":0,"ix":6},"o":{"a":0,"k":100,"ix":7},"sk":{"a":0,"k":0,"ix":4},"sa":{"a":0,"k":0,"ix":5},"nm":"Transform"}],"nm":"Shape 10","np":3,"cix":2,"bm":0,"ix":3,"mn":"ADBE Vector Group","hd":false},{"ty":"gr","it":[{"ind":0,"ty":"sh","ix":1,"ks":{"a":0,"k":{"i":[[-1,-5.25],[2,4.5]],"o":[[1,5.25],[-2,-4.5]],"v":[[-95.25,23],[-87.5,27]],"c":true},"ix":2},"nm":"Path 1","mn":"ADBE Vector Shape - Group","hd":false},{"ty":"fl","c":{"a":0,"k":[1,1,1],"ix":4},"o":{"a":0,"k":100,"ix":5},"r":1,"bm":0,"nm":"Fill 1","mn":"ADBE Vector Graphic - Fill","hd":false},{"ty":"tr","p":{"a":0,"k":[0,0],"ix":2},"a":{"a":0,"k":[0,0],"ix":1},"s":{"a":0,"k":[100,100],"ix":3},"r":{"a":0,"k":0,"ix":6},"o":{"a":0,"k":100,"ix":7},"sk":{"a":0,"k":0,"ix":4},"sa":{"a":0,"k":0,"ix":5},"nm":"Transform"}],"nm":"Shape 7","np":3,"cix":2,"bm":0,"ix":4,"mn":"ADBE Vector Group","hd":false},{"ty":"gr","it":[{"ind":0,"ty":"sh","ix":1,"ks":{"a":0,"k":{"i":[[3.5,-0.25],[9.25,-3.25],[-11.75,7.75],[-13.5,-7.25],[5.75,11.25],[3.75,1.25]],"o":[[-3.5,0.25],[-9.25,3.25],[11.75,-7.75],[13.5,7.25],[-5.75,-11.25],[-3.75,-1.25]],"v":[[-55,40.25],[-73,49.75],[-76.75,73.75],[-45.5,80.5],[-36.5,48.75],[-49,45.25]],"c":true},"ix":2},"nm":"Path 1","mn":"ADBE Vector Shape - Group","hd":false},{"ty":"fl","c":{"a":0,"k":[1,1,1],"ix":4},"o":{"a":0,"k":100,"ix":5},"r":1,"bm":0,"nm":"Fill 1","mn":"ADBE Vector Graphic - Fill","hd":false},{"ty":"tr","p":{"a":0,"k":[0,0],"ix":2},"a":{"a":0,"k":[0,0],"ix":1},"s":{"a":0,"k":[100,100],"ix":3},"r":{"a":0,"k":0,"ix":6},"o":{"a":0,"k":100,"ix":7},"sk":{"a":0,"k":0,"ix":4},"sa":{"a":0,"k":0,"ix":5},"nm":"Transform"}],"nm":"Shape 5","np":3,"cix":2,"bm":0,"ix":5,"mn":"ADBE Vector Group","hd":false},{"ty":"gr","it":[{"ind":0,"ty":"sh","ix":1,"ks":{"a":0,"k":{"i":[[9,9.25],[3.5,-6.5],[2.25,-7.75],[-18.25,5.75],[-0.5,-8],[0,2],[-6,-12],[-7.375,-5.5],[-5.625,-4.75],[0.875,-10.375],[-13.125,-12.5],[1.5,10.25],[-7,5.875],[6.625,4.25],[6.625,9.375],[5.5,-0.75],[2.125,6.375],[7,-2.375],[-2.25,8.25],[-3,-0.25],[-2.625,7.75],[-12.625,4.875],[11.375,7.625],[4.375,-1],[4.125,4.875],[-8.75,5.125],[7,2.5],[-2.75,6.5],[6.75,3.375],[4.875,-4.25],[11.25,-3]],"o":[[-9,-9.25],[-3.5,6.5],[-2.25,7.75],[18.25,-5.75],[0.5,8],[0,-2],[6,12],[7.375,5.5],[5.625,4.75],[-0.875,10.375],[13.125,12.5],[-1.5,-10.25],[7,-5.875],[-6.625,-4.25],[-6.625,-9.375],[-5.5,0.75],[-2.125,-6.375],[-7,2.375],[2.25,-8.25],[3,0.25],[2.625,-7.75],[12.625,-4.875],[-11.375,-7.625],[-4.375,1],[-4.125,-4.875],[8.75,-5.125],[-7,-2.5],[2.75,-6.5],[-6.75,-3.375],[-4.875,4.25],[-11.25,3]],"v":[[10.25,-112],[-18.5,-99.25],[-21,-80],[-4.25,-79.25],[9.125,-25.5],[15.25,-17.5],[22.5,-11.875],[51.25,12.125],[52.25,29],[67.375,56.375],[70.5,98],[76.125,84.125],[91.625,60.25],[108.125,29.625],[82.5,13.375],[59,8.375],[48.125,1.25],[41.25,-5.5],[35.125,-14.625],[50.75,-14.625],[58.375,-22],[80.375,-39.5],[77.5,-69.625],[61.625,-57.5],[51.875,-66.25],[62.875,-79.25],[64.625,-91],[55,-98.75],[48.75,-108.875],[37.25,-111],[36,-99.25]],"c":true},"ix":2},"nm":"Path 1","mn":"ADBE Vector Shape - Group","hd":false},{"ty":"fl","c":{"a":0,"k":[1,1,1],"ix":4},"o":{"a":0,"k":100,"ix":5},"r":1,"bm":0,"nm":"Fill 1","mn":"ADBE Vector Graphic - Fill","hd":false},{"ty":"tr","p":{"a":0,"k":[0,0],"ix":2},"a":{"a":0,"k":[0,0],"ix":1},"s":{"a":0,"k":[100,100],"ix":3},"r":{"a":0,"k":0,"ix":6},"o":{"a":0,"k":100,"ix":7},"sk":{"a":0,"k":0,"ix":4},"sa":{"a":0,"k":0,"ix":5},"nm":"Transform"}],"nm":"Shape 4","np":3,"cix":2,"bm":0,"ix":6,"mn":"ADBE Vector Group","hd":false},{"ty":"gr","it":[{"ind":0,"ty":"sh","ix":1,"ks":{"a":0,"k":{"i":[[11.5,-2],[1.5,-9],[1,-6.75],[0.5,-3],[-9,1],[-5.75,10.5]],"o":[[-11.5,2],[-1.5,9],[-1,6.75],[-0.5,3],[9,-1],[5.75,-10.5]],"v":[[123.25,-128],[95.75,-112.75],[105.75,-92],[100,-78.75],[108.75,-72],[131.5,-103.75]],"c":true},"ix":2},"nm":"Path 1","mn":"ADBE Vector Shape - Group","hd":false},{"ty":"fl","c":{"a":0,"k":[1,1,1],"ix":4},"o":{"a":0,"k":100,"ix":5},"r":1,"bm":0,"nm":"Fill 1","mn":"ADBE Vector Graphic - Fill","hd":false},{"ty":"tr","p":{"a":0,"k":[0,0],"ix":2},"a":{"a":0,"k":[0,0],"ix":1},"s":{"a":0,"k":[100,100],"ix":3},"r":{"a":0,"k":0,"ix":6},"o":{"a":0,"k":100,"ix":7},"sk":{"a":0,"k":0,"ix":4},"sa":{"a":0,"k":0,"ix":5},"nm":"Transform"}],"nm":"Shape 1","np":3,"cix":2,"bm":0,"ix":7,"mn":"ADBE Vector Group","hd":false},{"ty":"tr","p":{"a":0,"k":[-1146.197,-12.811],"ix":2},"a":{"a":0,"k":[-50.197,-12.811],"ix":1},"s":{"a":0,"k":[100,100],"ix":3},"r":{"a":0,"k":0,"ix":6},"o":{"a":0,"k":100,"ix":7},"sk":{"a":0,"k":0,"ix":4},"sa":{"a":0,"k":0,"ix":5},"nm":"Transform"}],"nm":"Group 4","np":7,"cix":2,"bm":0,"ix":1,"mn":"ADBE Vector Group","hd":false},{"ty":"gr","it":[{"ty":"gr","it":[{"ind":0,"ty":"sh","ix":1,"ks":{"a":0,"k":{"i":[[-4.5,-8.5],[-7.5,-5.5],[-8,-10.5],[5.5,-16]],"o":[[4.5,8.5],[7.5,5.5],[8,10.5],[-5.5,16]],"v":[[16.5,-5.5],[43,12],[47,29.5],[60.5,62.5]],"c":false},"ix":2},"nm":"Path 1","mn":"ADBE Vector Shape - Group","hd":false},{"ty":"st","c":{"a":0,"k":[0,0,0],"ix":3},"o":{"a":0,"k":100,"ix":4},"w":{"a":0,"k":1,"ix":5},"lc":1,"lj":1,"ml":4,"bm":0,"nm":"Stroke 1","mn":"ADBE Vector Graphic - Stroke","hd":false},{"ty":"tr","p":{"a":0,"k":[0,0],"ix":2},"a":{"a":0,"k":[0,0],"ix":1},"s":{"a":0,"k":[100,100],"ix":3},"r":{"a":0,"k":0,"ix":6},"o":{"a":0,"k":100,"ix":7},"sk":{"a":0,"k":0,"ix":4},"sa":{"a":0,"k":0,"ix":5},"nm":"Transform"}],"nm":"Shape 16","np":3,"cix":2,"bm":0,"ix":1,"mn":"ADBE Vector Group","hd":false},{"ty":"gr","it":[{"ind":0,"ty":"sh","ix":1,"ks":{"a":0,"k":{"i":[[-3,-3.5],[-8.25,-3.75],[-3.5,2.5]],"o":[[3,3.5],[8.25,3.75],[3.5,-2.5]],"v":[[-140.5,-8.5],[-122.75,11.75],[-109.75,-0.25]],"c":false},"ix":2},"nm":"Path 1","mn":"ADBE Vector Shape - Group","hd":false},{"ty":"st","c":{"a":0,"k":[0,0,0],"ix":3},"o":{"a":0,"k":100,"ix":4},"w":{"a":0,"k":1,"ix":5},"lc":1,"lj":1,"ml":4,"bm":0,"nm":"Stroke 1","mn":"ADBE Vector Graphic - Stroke","hd":false},{"ty":"tr","p":{"a":0,"k":[0,0],"ix":2},"a":{"a":0,"k":[0,0],"ix":1},"s":{"a":0,"k":[100,100],"ix":3},"r":{"a":0,"k":0,"ix":6},"o":{"a":0,"k":100,"ix":7},"sk":{"a":0,"k":0,"ix":4},"sa":{"a":0,"k":0,"ix":5},"nm":"Transform"}],"nm":"Shape 14","np":3,"cix":2,"bm":0,"ix":2,"mn":"ADBE Vector Group","hd":false},{"ty":"gr","it":[{"ind":0,"ty":"sh","ix":1,"ks":{"a":0,"k":{"i":[[11.75,4.25],[14.5,1.75],[5.75,4],[10.75,-1],[7.75,3.75],[2.75,-6.75],[4.25,1.25],[-0.5,-6],[5.5,0.75],[3.75,4.5],[15.5,4.25],[-0.75,-5.75],[-1.5,5.25],[0.25,-7.75],[2.75,1.75],[1.25,-3.75],[4.25,-0.75],[-8.25,-1.25],[-8.25,5.25],[-6.5,1],[-3,2.75],[-4,2.5],[-12.25,-4.5],[4,-2.75],[0,-1],[7.25,-2],[20.5,2],[-12.25,-1.75],[-5,-25.25],[-5.25,14.5],[2.5,3.25],[-1,5.5],[-4.25,2.75],[-1.5,10.5],[-9.25,-12.75],[-4.75,2.75],[-2.75,1.25],[-2.75,1.75],[1.25,5.75],[-6.75,7],[-0.25,6.25],[-2.25,1.75],[-5.75,3],[5.5,8.25],[-3.25,1.25],[-5.75,6],[-2.25,-9.25],[2.5,6.25],[-7.5,5.75],[0.5,8]],"o":[[-11.75,-4.25],[-14.5,-1.75],[-5.75,-4],[-10.75,1],[-7.75,-3.75],[-2.75,6.75],[-4.25,-1.25],[0.5,6],[-5.5,-0.75],[-3.75,-4.5],[-15.5,-4.25],[0.75,5.75],[1.5,-5.25],[-0.25,7.75],[-2.75,-1.75],[-1.25,3.75],[-4.25,0.75],[8.25,1.25],[8.25,-5.25],[6.5,-1],[3,-2.75],[4,-2.5],[12.25,4.5],[-4,2.75],[0,1],[-7.25,2],[-20.5,-2],[12.25,1.75],[5,25.25],[5.25,-14.5],[-2.5,-3.25],[1,-5.5],[4.25,-2.75],[1.5,-10.5],[9.25,12.75],[4.75,-2.75],[2.75,-1.25],[2.75,-1.75],[-1.25,-5.75],[6.75,-7],[0.25,-6.25],[2.25,-1.75],[5.75,-3],[-5.5,-8.25],[3.25,-1.25],[5.75,-6],[2.25,9.25],[-2.5,-6.25],[7.5,-5.75],[-0.5,-8]],"v":[[-42.25,-118.75],[-71.75,-113.5],[-95.25,-108],[-109.75,-110.75],[-124.5,-118.5],[-139.75,-105.75],[-152.5,-98.75],[-156.25,-91.25],[-168,-84.25],[-179.5,-76],[-186.75,-86.75],[-208.5,-63.25],[-197.5,-62.75],[-190.25,-61.5],[-203,-53.75],[-214.75,-46.5],[-222.75,-37.75],[-223.5,-26.75],[-210.5,-36.75],[-198.5,-26.75],[-199.5,-38],[-188,-28.75],[-172.25,-41.5],[-181.25,-29.25],[-174.75,-24],[-181,-17.5],[-216.5,-25.25],[-223,12.25],[-198.5,52.25],[-166,43],[-153,8.5],[-169.75,-2.75],[-150.5,1.75],[-152.25,-13.75],[-126.25,5.5],[-108.75,-5.5],[-92.75,16.75],[-93,6.25],[-85,6.75],[-76,-12.5],[-77.25,-32],[-66.5,-29.25],[-62,-42.25],[-60.25,-57.5],[-64.75,-75.25],[-54.25,-80.5],[-47,-70.25],[-40.5,-70.25],[-38,-88],[-33,-102.25]],"c":true},"ix":2},"nm":"Path 1","mn":"ADBE Vector Shape - Group","hd":false},{"ty":"fl","c":{"a":0,"k":[1,1,1],"ix":4},"o":{"a":0,"k":100,"ix":5},"r":1,"bm":0,"nm":"Fill 1","mn":"ADBE Vector Graphic - Fill","hd":false},{"ty":"tr","p":{"a":0,"k":[0,0],"ix":2},"a":{"a":0,"k":[0,0],"ix":1},"s":{"a":0,"k":[100,100],"ix":3},"r":{"a":0,"k":0,"ix":6},"o":{"a":0,"k":100,"ix":7},"sk":{"a":0,"k":0,"ix":4},"sa":{"a":0,"k":0,"ix":5},"nm":"Transform"}],"nm":"Shape 10","np":3,"cix":2,"bm":0,"ix":3,"mn":"ADBE Vector Group","hd":false},{"ty":"gr","it":[{"ind":0,"ty":"sh","ix":1,"ks":{"a":0,"k":{"i":[[-1,-5.25],[2,4.5]],"o":[[1,5.25],[-2,-4.5]],"v":[[-95.25,23],[-87.5,27]],"c":true},"ix":2},"nm":"Path 1","mn":"ADBE Vector Shape - Group","hd":false},{"ty":"fl","c":{"a":0,"k":[1,1,1],"ix":4},"o":{"a":0,"k":100,"ix":5},"r":1,"bm":0,"nm":"Fill 1","mn":"ADBE Vector Graphic - Fill","hd":false},{"ty":"tr","p":{"a":0,"k":[0,0],"ix":2},"a":{"a":0,"k":[0,0],"ix":1},"s":{"a":0,"k":[100,100],"ix":3},"r":{"a":0,"k":0,"ix":6},"o":{"a":0,"k":100,"ix":7},"sk":{"a":0,"k":0,"ix":4},"sa":{"a":0,"k":0,"ix":5},"nm":"Transform"}],"nm":"Shape 7","np":3,"cix":2,"bm":0,"ix":4,"mn":"ADBE Vector Group","hd":false},{"ty":"gr","it":[{"ind":0,"ty":"sh","ix":1,"ks":{"a":0,"k":{"i":[[3.5,-0.25],[9.25,-3.25],[-11.75,7.75],[-13.5,-7.25],[5.75,11.25],[3.75,1.25]],"o":[[-3.5,0.25],[-9.25,3.25],[11.75,-7.75],[13.5,7.25],[-5.75,-11.25],[-3.75,-1.25]],"v":[[-55,40.25],[-73,49.75],[-76.75,73.75],[-45.5,80.5],[-36.5,48.75],[-49,45.25]],"c":true},"ix":2},"nm":"Path 1","mn":"ADBE Vector Shape - Group","hd":false},{"ty":"fl","c":{"a":0,"k":[1,1,1],"ix":4},"o":{"a":0,"k":100,"ix":5},"r":1,"bm":0,"nm":"Fill 1","mn":"ADBE Vector Graphic - Fill","hd":false},{"ty":"tr","p":{"a":0,"k":[0,0],"ix":2},"a":{"a":0,"k":[0,0],"ix":1},"s":{"a":0,"k":[100,100],"ix":3},"r":{"a":0,"k":0,"ix":6},"o":{"a":0,"k":100,"ix":7},"sk":{"a":0,"k":0,"ix":4},"sa":{"a":0,"k":0,"ix":5},"nm":"Transform"}],"nm":"Shape 5","np":3,"cix":2,"bm":0,"ix":5,"mn":"ADBE Vector Group","hd":false},{"ty":"gr","it":[{"ind":0,"ty":"sh","ix":1,"ks":{"a":0,"k":{"i":[[9,9.25],[3.5,-6.5],[2.25,-7.75],[-18.25,5.75],[-0.5,-8],[0,2],[-6,-12],[-7.375,-5.5],[-5.625,-4.75],[0.875,-10.375],[-13.125,-12.5],[1.5,10.25],[-7,5.875],[6.625,4.25],[6.625,9.375],[5.5,-0.75],[2.125,6.375],[7,-2.375],[-2.25,8.25],[-3,-0.25],[-2.625,7.75],[-12.625,4.875],[11.375,7.625],[4.375,-1],[4.125,4.875],[-8.75,5.125],[7,2.5],[-2.75,6.5],[6.75,3.375],[4.875,-4.25],[11.25,-3]],"o":[[-9,-9.25],[-3.5,6.5],[-2.25,7.75],[18.25,-5.75],[0.5,8],[0,-2],[6,12],[7.375,5.5],[5.625,4.75],[-0.875,10.375],[13.125,12.5],[-1.5,-10.25],[7,-5.875],[-6.625,-4.25],[-6.625,-9.375],[-5.5,0.75],[-2.125,-6.375],[-7,2.375],[2.25,-8.25],[3,0.25],[2.625,-7.75],[12.625,-4.875],[-11.375,-7.625],[-4.375,1],[-4.125,-4.875],[8.75,-5.125],[-7,-2.5],[2.75,-6.5],[-6.75,-3.375],[-4.875,4.25],[-11.25,3]],"v":[[10.25,-112],[-18.5,-99.25],[-21,-80],[-4.25,-79.25],[9.125,-25.5],[15.25,-17.5],[22.5,-11.875],[51.25,12.125],[52.25,29],[67.375,56.375],[70.5,98],[76.125,84.125],[91.625,60.25],[108.125,29.625],[82.5,13.375],[59,8.375],[48.125,1.25],[41.25,-5.5],[35.125,-14.625],[50.75,-14.625],[58.375,-22],[80.375,-39.5],[77.5,-69.625],[61.625,-57.5],[51.875,-66.25],[62.875,-79.25],[64.625,-91],[55,-98.75],[48.75,-108.875],[37.25,-111],[36,-99.25]],"c":true},"ix":2},"nm":"Path 1","mn":"ADBE Vector Shape - Group","hd":false},{"ty":"fl","c":{"a":0,"k":[1,1,1],"ix":4},"o":{"a":0,"k":100,"ix":5},"r":1,"bm":0,"nm":"Fill 1","mn":"ADBE Vector Graphic - Fill","hd":false},{"ty":"tr","p":{"a":0,"k":[0,0],"ix":2},"a":{"a":0,"k":[0,0],"ix":1},"s":{"a":0,"k":[100,100],"ix":3},"r":{"a":0,"k":0,"ix":6},"o":{"a":0,"k":100,"ix":7},"sk":{"a":0,"k":0,"ix":4},"sa":{"a":0,"k":0,"ix":5},"nm":"Transform"}],"nm":"Shape 4","np":3,"cix":2,"bm":0,"ix":6,"mn":"ADBE Vector Group","hd":false},{"ty":"gr","it":[{"ind":0,"ty":"sh","ix":1,"ks":{"a":0,"k":{"i":[[11.5,-2],[1.5,-9],[1,-6.75],[0.5,-3],[-9,1],[-5.75,10.5]],"o":[[-11.5,2],[-1.5,9],[-1,6.75],[-0.5,3],[9,-1],[5.75,-10.5]],"v":[[123.25,-128],[95.75,-112.75],[105.75,-92],[100,-78.75],[108.75,-72],[131.5,-103.75]],"c":true},"ix":2},"nm":"Path 1","mn":"ADBE Vector Shape - Group","hd":false},{"ty":"fl","c":{"a":0,"k":[1,1,1],"ix":4},"o":{"a":0,"k":100,"ix":5},"r":1,"bm":0,"nm":"Fill 1","mn":"ADBE Vector Graphic - Fill","hd":false},{"ty":"tr","p":{"a":0,"k":[0,0],"ix":2},"a":{"a":0,"k":[0,0],"ix":1},"s":{"a":0,"k":[100,100],"ix":3},"r":{"a":0,"k":0,"ix":6},"o":{"a":0,"k":100,"ix":7},"sk":{"a":0,"k":0,"ix":4},"sa":{"a":0,"k":0,"ix":5},"nm":"Transform"}],"nm":"Shape 1","np":3,"cix":2,"bm":0,"ix":7,"mn":"ADBE Vector Group","hd":false},{"ty":"tr","p":{"a":0,"k":[-780.197,-12.811],"ix":2},"a":{"a":0,"k":[-50.197,-12.811],"ix":1},"s":{"a":0,"k":[100,100],"ix":3},"r":{"a":0,"k":0,"ix":6},"o":{"a":0,"k":100,"ix":7},"sk":{"a":0,"k":0,"ix":4},"sa":{"a":0,"k":0,"ix":5},"nm":"Transform"}],"nm":"Group 3","np":7,"cix":2,"bm":0,"ix":2,"mn":"ADBE Vector Group","hd":false},{"ty":"gr","it":[{"ty":"gr","it":[{"ind":0,"ty":"sh","ix":1,"ks":{"a":0,"k":{"i":[[-4.5,-8.5],[-7.5,-5.5],[-8,-10.5],[5.5,-16]],"o":[[4.5,8.5],[7.5,5.5],[8,10.5],[-5.5,16]],"v":[[16.5,-5.5],[43,12],[47,29.5],[60.5,62.5]],"c":false},"ix":2},"nm":"Path 1","mn":"ADBE Vector Shape - Group","hd":false},{"ty":"st","c":{"a":0,"k":[0,0,0],"ix":3},"o":{"a":0,"k":100,"ix":4},"w":{"a":0,"k":1,"ix":5},"lc":1,"lj":1,"ml":4,"bm":0,"nm":"Stroke 1","mn":"ADBE Vector Graphic - Stroke","hd":false},{"ty":"tr","p":{"a":0,"k":[0,0],"ix":2},"a":{"a":0,"k":[0,0],"ix":1},"s":{"a":0,"k":[100,100],"ix":3},"r":{"a":0,"k":0,"ix":6},"o":{"a":0,"k":100,"ix":7},"sk":{"a":0,"k":0,"ix":4},"sa":{"a":0,"k":0,"ix":5},"nm":"Transform"}],"nm":"Shape 16","np":3,"cix":2,"bm":0,"ix":1,"mn":"ADBE Vector Group","hd":false},{"ty":"gr","it":[{"ind":0,"ty":"sh","ix":1,"ks":{"a":0,"k":{"i":[[-3,-3.5],[-8.25,-3.75],[-3.5,2.5]],"o":[[3,3.5],[8.25,3.75],[3.5,-2.5]],"v":[[-140.5,-8.5],[-122.75,11.75],[-109.75,-0.25]],"c":false},"ix":2},"nm":"Path 1","mn":"ADBE Vector Shape - Group","hd":false},{"ty":"st","c":{"a":0,"k":[0,0,0],"ix":3},"o":{"a":0,"k":100,"ix":4},"w":{"a":0,"k":1,"ix":5},"lc":1,"lj":1,"ml":4,"bm":0,"nm":"Stroke 1","mn":"ADBE Vector Graphic - Stroke","hd":false},{"ty":"tr","p":{"a":0,"k":[0,0],"ix":2},"a":{"a":0,"k":[0,0],"ix":1},"s":{"a":0,"k":[100,100],"ix":3},"r":{"a":0,"k":0,"ix":6},"o":{"a":0,"k":100,"ix":7},"sk":{"a":0,"k":0,"ix":4},"sa":{"a":0,"k":0,"ix":5},"nm":"Transform"}],"nm":"Shape 14","np":3,"cix":2,"bm":0,"ix":2,"mn":"ADBE Vector Group","hd":false},{"ty":"gr","it":[{"ind":0,"ty":"sh","ix":1,"ks":{"a":0,"k":{"i":[[11.75,4.25],[14.5,1.75],[5.75,4],[10.75,-1],[7.75,3.75],[2.75,-6.75],[4.25,1.25],[-0.5,-6],[5.5,0.75],[3.75,4.5],[15.5,4.25],[-0.75,-5.75],[-1.5,5.25],[0.25,-7.75],[2.75,1.75],[1.25,-3.75],[4.25,-0.75],[-8.25,-1.25],[-8.25,5.25],[-6.5,1],[-3,2.75],[-4,2.5],[-12.25,-4.5],[4,-2.75],[0,-1],[7.25,-2],[20.5,2],[-12.25,-1.75],[-5,-25.25],[-5.25,14.5],[2.5,3.25],[-1,5.5],[-4.25,2.75],[-1.5,10.5],[-9.25,-12.75],[-4.75,2.75],[-2.75,1.25],[-2.75,1.75],[1.25,5.75],[-6.75,7],[-0.25,6.25],[-2.25,1.75],[-5.75,3],[5.5,8.25],[-3.25,1.25],[-5.75,6],[-2.25,-9.25],[2.5,6.25],[-7.5,5.75],[0.5,8]],"o":[[-11.75,-4.25],[-14.5,-1.75],[-5.75,-4],[-10.75,1],[-7.75,-3.75],[-2.75,6.75],[-4.25,-1.25],[0.5,6],[-5.5,-0.75],[-3.75,-4.5],[-15.5,-4.25],[0.75,5.75],[1.5,-5.25],[-0.25,7.75],[-2.75,-1.75],[-1.25,3.75],[-4.25,0.75],[8.25,1.25],[8.25,-5.25],[6.5,-1],[3,-2.75],[4,-2.5],[12.25,4.5],[-4,2.75],[0,1],[-7.25,2],[-20.5,-2],[12.25,1.75],[5,25.25],[5.25,-14.5],[-2.5,-3.25],[1,-5.5],[4.25,-2.75],[1.5,-10.5],[9.25,12.75],[4.75,-2.75],[2.75,-1.25],[2.75,-1.75],[-1.25,-5.75],[6.75,-7],[0.25,-6.25],[2.25,-1.75],[5.75,-3],[-5.5,-8.25],[3.25,-1.25],[5.75,-6],[2.25,9.25],[-2.5,-6.25],[7.5,-5.75],[-0.5,-8]],"v":[[-42.25,-118.75],[-71.75,-113.5],[-95.25,-108],[-109.75,-110.75],[-124.5,-118.5],[-139.75,-105.75],[-152.5,-98.75],[-156.25,-91.25],[-168,-84.25],[-179.5,-76],[-186.75,-86.75],[-208.5,-63.25],[-197.5,-62.75],[-190.25,-61.5],[-203,-53.75],[-214.75,-46.5],[-222.75,-37.75],[-223.5,-26.75],[-210.5,-36.75],[-198.5,-26.75],[-199.5,-38],[-188,-28.75],[-172.25,-41.5],[-181.25,-29.25],[-174.75,-24],[-181,-17.5],[-216.5,-25.25],[-223,12.25],[-198.5,52.25],[-166,43],[-153,8.5],[-169.75,-2.75],[-150.5,1.75],[-152.25,-13.75],[-126.25,5.5],[-108.75,-5.5],[-92.75,16.75],[-93,6.25],[-85,6.75],[-76,-12.5],[-77.25,-32],[-66.5,-29.25],[-62,-42.25],[-60.25,-57.5],[-64.75,-75.25],[-54.25,-80.5],[-47,-70.25],[-40.5,-70.25],[-38,-88],[-33,-102.25]],"c":true},"ix":2},"nm":"Path 1","mn":"ADBE Vector Shape - Group","hd":false},{"ty":"fl","c":{"a":0,"k":[1,1,1],"ix":4},"o":{"a":0,"k":100,"ix":5},"r":1,"bm":0,"nm":"Fill 1","mn":"ADBE Vector Graphic - Fill","hd":false},{"ty":"tr","p":{"a":0,"k":[0,0],"ix":2},"a":{"a":0,"k":[0,0],"ix":1},"s":{"a":0,"k":[100,100],"ix":3},"r":{"a":0,"k":0,"ix":6},"o":{"a":0,"k":100,"ix":7},"sk":{"a":0,"k":0,"ix":4},"sa":{"a":0,"k":0,"ix":5},"nm":"Transform"}],"nm":"Shape 10","np":3,"cix":2,"bm":0,"ix":3,"mn":"ADBE Vector Group","hd":false},{"ty":"gr","it":[{"ind":0,"ty":"sh","ix":1,"ks":{"a":0,"k":{"i":[[-1,-5.25],[2,4.5]],"o":[[1,5.25],[-2,-4.5]],"v":[[-95.25,23],[-87.5,27]],"c":true},"ix":2},"nm":"Path 1","mn":"ADBE Vector Shape - Group","hd":false},{"ty":"fl","c":{"a":0,"k":[1,1,1],"ix":4},"o":{"a":0,"k":100,"ix":5},"r":1,"bm":0,"nm":"Fill 1","mn":"ADBE Vector Graphic - Fill","hd":false},{"ty":"tr","p":{"a":0,"k":[0,0],"ix":2},"a":{"a":0,"k":[0,0],"ix":1},"s":{"a":0,"k":[100,100],"ix":3},"r":{"a":0,"k":0,"ix":6},"o":{"a":0,"k":100,"ix":7},"sk":{"a":0,"k":0,"ix":4},"sa":{"a":0,"k":0,"ix":5},"nm":"Transform"}],"nm":"Shape 7","np":3,"cix":2,"bm":0,"ix":4,"mn":"ADBE Vector Group","hd":false},{"ty":"gr","it":[{"ind":0,"ty":"sh","ix":1,"ks":{"a":0,"k":{"i":[[3.5,-0.25],[9.25,-3.25],[-11.75,7.75],[-13.5,-7.25],[5.75,11.25],[3.75,1.25]],"o":[[-3.5,0.25],[-9.25,3.25],[11.75,-7.75],[13.5,7.25],[-5.75,-11.25],[-3.75,-1.25]],"v":[[-55,40.25],[-73,49.75],[-76.75,73.75],[-45.5,80.5],[-36.5,48.75],[-49,45.25]],"c":true},"ix":2},"nm":"Path 1","mn":"ADBE Vector Shape - Group","hd":false},{"ty":"fl","c":{"a":0,"k":[1,1,1],"ix":4},"o":{"a":0,"k":100,"ix":5},"r":1,"bm":0,"nm":"Fill 1","mn":"ADBE Vector Graphic - Fill","hd":false},{"ty":"tr","p":{"a":0,"k":[0,0],"ix":2},"a":{"a":0,"k":[0,0],"ix":1},"s":{"a":0,"k":[100,100],"ix":3},"r":{"a":0,"k":0,"ix":6},"o":{"a":0,"k":100,"ix":7},"sk":{"a":0,"k":0,"ix":4},"sa":{"a":0,"k":0,"ix":5},"nm":"Transform"}],"nm":"Shape 5","np":3,"cix":2,"bm":0,"ix":5,"mn":"ADBE Vector Group","hd":false},{"ty":"gr","it":[{"ind":0,"ty":"sh","ix":1,"ks":{"a":0,"k":{"i":[[9,9.25],[3.5,-6.5],[2.25,-7.75],[-18.25,5.75],[-0.5,-8],[0,2],[-6,-12],[-7.375,-5.5],[-5.625,-4.75],[0.875,-10.375],[-13.125,-12.5],[1.5,10.25],[-7,5.875],[6.625,4.25],[6.625,9.375],[5.5,-0.75],[2.125,6.375],[7,-2.375],[-2.25,8.25],[-3,-0.25],[-2.625,7.75],[-12.625,4.875],[11.375,7.625],[4.375,-1],[4.125,4.875],[-8.75,5.125],[7,2.5],[-2.75,6.5],[6.75,3.375],[4.875,-4.25],[11.25,-3]],"o":[[-9,-9.25],[-3.5,6.5],[-2.25,7.75],[18.25,-5.75],[0.5,8],[0,-2],[6,12],[7.375,5.5],[5.625,4.75],[-0.875,10.375],[13.125,12.5],[-1.5,-10.25],[7,-5.875],[-6.625,-4.25],[-6.625,-9.375],[-5.5,0.75],[-2.125,-6.375],[-7,2.375],[2.25,-8.25],[3,0.25],[2.625,-7.75],[12.625,-4.875],[-11.375,-7.625],[-4.375,1],[-4.125,-4.875],[8.75,-5.125],[-7,-2.5],[2.75,-6.5],[-6.75,-3.375],[-4.875,4.25],[-11.25,3]],"v":[[10.25,-112],[-18.5,-99.25],[-21,-80],[-4.25,-79.25],[9.125,-25.5],[15.25,-17.5],[22.5,-11.875],[51.25,12.125],[52.25,29],[67.375,56.375],[70.5,98],[76.125,84.125],[91.625,60.25],[108.125,29.625],[82.5,13.375],[59,8.375],[48.125,1.25],[41.25,-5.5],[35.125,-14.625],[50.75,-14.625],[58.375,-22],[80.375,-39.5],[77.5,-69.625],[61.625,-57.5],[51.875,-66.25],[62.875,-79.25],[64.625,-91],[55,-98.75],[48.75,-108.875],[37.25,-111],[36,-99.25]],"c":true},"ix":2},"nm":"Path 1","mn":"ADBE Vector Shape - Group","hd":false},{"ty":"fl","c":{"a":0,"k":[1,1,1],"ix":4},"o":{"a":0,"k":100,"ix":5},"r":1,"bm":0,"nm":"Fill 1","mn":"ADBE Vector Graphic - Fill","hd":false},{"ty":"tr","p":{"a":0,"k":[0,0],"ix":2},"a":{"a":0,"k":[0,0],"ix":1},"s":{"a":0,"k":[100,100],"ix":3},"r":{"a":0,"k":0,"ix":6},"o":{"a":0,"k":100,"ix":7},"sk":{"a":0,"k":0,"ix":4},"sa":{"a":0,"k":0,"ix":5},"nm":"Transform"}],"nm":"Shape 4","np":3,"cix":2,"bm":0,"ix":6,"mn":"ADBE Vector Group","hd":false},{"ty":"gr","it":[{"ind":0,"ty":"sh","ix":1,"ks":{"a":0,"k":{"i":[[11.5,-2],[1.5,-9],[1,-6.75],[0.5,-3],[-9,1],[-5.75,10.5]],"o":[[-11.5,2],[-1.5,9],[-1,6.75],[-0.5,3],[9,-1],[5.75,-10.5]],"v":[[123.25,-128],[95.75,-112.75],[105.75,-92],[100,-78.75],[108.75,-72],[131.5,-103.75]],"c":true},"ix":2},"nm":"Path 1","mn":"ADBE Vector Shape - Group","hd":false},{"ty":"fl","c":{"a":0,"k":[1,1,1],"ix":4},"o":{"a":0,"k":100,"ix":5},"r":1,"bm":0,"nm":"Fill 1","mn":"ADBE Vector Graphic - Fill","hd":false},{"ty":"tr","p":{"a":0,"k":[0,0],"ix":2},"a":{"a":0,"k":[0,0],"ix":1},"s":{"a":0,"k":[100,100],"ix":3},"r":{"a":0,"k":0,"ix":6},"o":{"a":0,"k":100,"ix":7},"sk":{"a":0,"k":0,"ix":4},"sa":{"a":0,"k":0,"ix":5},"nm":"Transform"}],"nm":"Shape 1","np":3,"cix":2,"bm":0,"ix":7,"mn":"ADBE Vector Group","hd":false},{"ty":"tr","p":{"a":0,"k":[-415.197,-12.811],"ix":2},"a":{"a":0,"k":[-50.197,-12.811],"ix":1},"s":{"a":0,"k":[100,100],"ix":3},"r":{"a":0,"k":0,"ix":6},"o":{"a":0,"k":100,"ix":7},"sk":{"a":0,"k":0,"ix":4},"sa":{"a":0,"k":0,"ix":5},"nm":"Transform"}],"nm":"Group 2","np":7,"cix":2,"bm":0,"ix":3,"mn":"ADBE Vector Group","hd":false},{"ty":"gr","it":[{"ty":"gr","it":[{"ind":0,"ty":"sh","ix":1,"ks":{"a":0,"k":{"i":[[-4.5,-8.5],[-7.5,-5.5],[-8,-10.5],[5.5,-16]],"o":[[4.5,8.5],[7.5,5.5],[8,10.5],[-5.5,16]],"v":[[16.5,-5.5],[43,12],[47,29.5],[60.5,62.5]],"c":false},"ix":2},"nm":"Path 1","mn":"ADBE Vector Shape - Group","hd":false},{"ty":"st","c":{"a":0,"k":[0,0,0],"ix":3},"o":{"a":0,"k":100,"ix":4},"w":{"a":0,"k":1,"ix":5},"lc":1,"lj":1,"ml":4,"bm":0,"nm":"Stroke 1","mn":"ADBE Vector Graphic - Stroke","hd":false},{"ty":"tr","p":{"a":0,"k":[0,0],"ix":2},"a":{"a":0,"k":[0,0],"ix":1},"s":{"a":0,"k":[100,100],"ix":3},"r":{"a":0,"k":0,"ix":6},"o":{"a":0,"k":100,"ix":7},"sk":{"a":0,"k":0,"ix":4},"sa":{"a":0,"k":0,"ix":5},"nm":"Transform"}],"nm":"Shape 16","np":3,"cix":2,"bm":0,"ix":1,"mn":"ADBE Vector Group","hd":false},{"ty":"gr","it":[{"ind":0,"ty":"sh","ix":1,"ks":{"a":0,"k":{"i":[[-3,-3.5],[-8.25,-3.75],[-3.5,2.5]],"o":[[3,3.5],[8.25,3.75],[3.5,-2.5]],"v":[[-140.5,-8.5],[-122.75,11.75],[-109.75,-0.25]],"c":false},"ix":2},"nm":"Path 1","mn":"ADBE Vector Shape - Group","hd":false},{"ty":"st","c":{"a":0,"k":[0,0,0],"ix":3},"o":{"a":0,"k":100,"ix":4},"w":{"a":0,"k":1,"ix":5},"lc":1,"lj":1,"ml":4,"bm":0,"nm":"Stroke 1","mn":"ADBE Vector Graphic - Stroke","hd":false},{"ty":"tr","p":{"a":0,"k":[0,0],"ix":2},"a":{"a":0,"k":[0,0],"ix":1},"s":{"a":0,"k":[100,100],"ix":3},"r":{"a":0,"k":0,"ix":6},"o":{"a":0,"k":100,"ix":7},"sk":{"a":0,"k":0,"ix":4},"sa":{"a":0,"k":0,"ix":5},"nm":"Transform"}],"nm":"Shape 14","np":3,"cix":2,"bm":0,"ix":2,"mn":"ADBE Vector Group","hd":false},{"ty":"gr","it":[{"ind":0,"ty":"sh","ix":1,"ks":{"a":0,"k":{"i":[[11.75,4.25],[14.5,1.75],[5.75,4],[10.75,-1],[7.75,3.75],[2.75,-6.75],[4.25,1.25],[-0.5,-6],[5.5,0.75],[3.75,4.5],[15.5,4.25],[-0.75,-5.75],[-1.5,5.25],[0.25,-7.75],[2.75,1.75],[1.25,-3.75],[4.25,-0.75],[-8.25,-1.25],[-8.25,5.25],[-6.5,1],[-3,2.75],[-4,2.5],[-12.25,-4.5],[4,-2.75],[0,-1],[7.25,-2],[20.5,2],[-12.25,-1.75],[-5,-25.25],[-5.25,14.5],[2.5,3.25],[-1,5.5],[-4.25,2.75],[-1.5,10.5],[-9.25,-12.75],[-4.75,2.75],[-2.75,1.25],[-2.75,1.75],[1.25,5.75],[-6.75,7],[-0.25,6.25],[-2.25,1.75],[-5.75,3],[5.5,8.25],[-3.25,1.25],[-5.75,6],[-2.25,-9.25],[2.5,6.25],[-7.5,5.75],[0.5,8]],"o":[[-11.75,-4.25],[-14.5,-1.75],[-5.75,-4],[-10.75,1],[-7.75,-3.75],[-2.75,6.75],[-4.25,-1.25],[0.5,6],[-5.5,-0.75],[-3.75,-4.5],[-15.5,-4.25],[0.75,5.75],[1.5,-5.25],[-0.25,7.75],[-2.75,-1.75],[-1.25,3.75],[-4.25,0.75],[8.25,1.25],[8.25,-5.25],[6.5,-1],[3,-2.75],[4,-2.5],[12.25,4.5],[-4,2.75],[0,1],[-7.25,2],[-20.5,-2],[12.25,1.75],[5,25.25],[5.25,-14.5],[-2.5,-3.25],[1,-5.5],[4.25,-2.75],[1.5,-10.5],[9.25,12.75],[4.75,-2.75],[2.75,-1.25],[2.75,-1.75],[-1.25,-5.75],[6.75,-7],[0.25,-6.25],[2.25,-1.75],[5.75,-3],[-5.5,-8.25],[3.25,-1.25],[5.75,-6],[2.25,9.25],[-2.5,-6.25],[7.5,-5.75],[-0.5,-8]],"v":[[-42.25,-118.75],[-71.75,-113.5],[-95.25,-108],[-109.75,-110.75],[-124.5,-118.5],[-139.75,-105.75],[-152.5,-98.75],[-156.25,-91.25],[-168,-84.25],[-179.5,-76],[-186.75,-86.75],[-208.5,-63.25],[-197.5,-62.75],[-190.25,-61.5],[-203,-53.75],[-214.75,-46.5],[-222.75,-37.75],[-223.5,-26.75],[-210.5,-36.75],[-198.5,-26.75],[-199.5,-38],[-188,-28.75],[-172.25,-41.5],[-181.25,-29.25],[-174.75,-24],[-181,-17.5],[-216.5,-25.25],[-223,12.25],[-198.5,52.25],[-166,43],[-153,8.5],[-169.75,-2.75],[-150.5,1.75],[-152.25,-13.75],[-126.25,5.5],[-108.75,-5.5],[-92.75,16.75],[-93,6.25],[-85,6.75],[-76,-12.5],[-77.25,-32],[-66.5,-29.25],[-62,-42.25],[-60.25,-57.5],[-64.75,-75.25],[-54.25,-80.5],[-47,-70.25],[-40.5,-70.25],[-38,-88],[-33,-102.25]],"c":true},"ix":2},"nm":"Path 1","mn":"ADBE Vector Shape - Group","hd":false},{"ty":"fl","c":{"a":0,"k":[1,1,1],"ix":4},"o":{"a":0,"k":100,"ix":5},"r":1,"bm":0,"nm":"Fill 1","mn":"ADBE Vector Graphic - Fill","hd":false},{"ty":"tr","p":{"a":0,"k":[0,0],"ix":2},"a":{"a":0,"k":[0,0],"ix":1},"s":{"a":0,"k":[100,100],"ix":3},"r":{"a":0,"k":0,"ix":6},"o":{"a":0,"k":100,"ix":7},"sk":{"a":0,"k":0,"ix":4},"sa":{"a":0,"k":0,"ix":5},"nm":"Transform"}],"nm":"Shape 10","np":3,"cix":2,"bm":0,"ix":3,"mn":"ADBE Vector Group","hd":false},{"ty":"gr","it":[{"ind":0,"ty":"sh","ix":1,"ks":{"a":0,"k":{"i":[[-1,-5.25],[2,4.5]],"o":[[1,5.25],[-2,-4.5]],"v":[[-95.25,23],[-87.5,27]],"c":true},"ix":2},"nm":"Path 1","mn":"ADBE Vector Shape - Group","hd":false},{"ty":"fl","c":{"a":0,"k":[1,1,1],"ix":4},"o":{"a":0,"k":100,"ix":5},"r":1,"bm":0,"nm":"Fill 1","mn":"ADBE Vector Graphic - Fill","hd":false},{"ty":"tr","p":{"a":0,"k":[0,0],"ix":2},"a":{"a":0,"k":[0,0],"ix":1},"s":{"a":0,"k":[100,100],"ix":3},"r":{"a":0,"k":0,"ix":6},"o":{"a":0,"k":100,"ix":7},"sk":{"a":0,"k":0,"ix":4},"sa":{"a":0,"k":0,"ix":5},"nm":"Transform"}],"nm":"Shape 7","np":3,"cix":2,"bm":0,"ix":4,"mn":"ADBE Vector Group","hd":false},{"ty":"gr","it":[{"ind":0,"ty":"sh","ix":1,"ks":{"a":0,"k":{"i":[[3.5,-0.25],[9.25,-3.25],[-11.75,7.75],[-13.5,-7.25],[5.75,11.25],[3.75,1.25]],"o":[[-3.5,0.25],[-9.25,3.25],[11.75,-7.75],[13.5,7.25],[-5.75,-11.25],[-3.75,-1.25]],"v":[[-55,40.25],[-73,49.75],[-76.75,73.75],[-45.5,80.5],[-36.5,48.75],[-49,45.25]],"c":true},"ix":2},"nm":"Path 1","mn":"ADBE Vector Shape - Group","hd":false},{"ty":"fl","c":{"a":0,"k":[1,1,1],"ix":4},"o":{"a":0,"k":100,"ix":5},"r":1,"bm":0,"nm":"Fill 1","mn":"ADBE Vector Graphic - Fill","hd":false},{"ty":"tr","p":{"a":0,"k":[0,0],"ix":2},"a":{"a":0,"k":[0,0],"ix":1},"s":{"a":0,"k":[100,100],"ix":3},"r":{"a":0,"k":0,"ix":6},"o":{"a":0,"k":100,"ix":7},"sk":{"a":0,"k":0,"ix":4},"sa":{"a":0,"k":0,"ix":5},"nm":"Transform"}],"nm":"Shape 5","np":3,"cix":2,"bm":0,"ix":5,"mn":"ADBE Vector Group","hd":false},{"ty":"gr","it":[{"ind":0,"ty":"sh","ix":1,"ks":{"a":0,"k":{"i":[[9,9.25],[3.5,-6.5],[2.25,-7.75],[-18.25,5.75],[-0.5,-8],[0,2],[-6,-12],[-7.375,-5.5],[-5.625,-4.75],[0.875,-10.375],[-13.125,-12.5],[1.5,10.25],[-7,5.875],[6.625,4.25],[6.625,9.375],[5.5,-0.75],[2.125,6.375],[7,-2.375],[-2.25,8.25],[-3,-0.25],[-2.625,7.75],[-12.625,4.875],[11.375,7.625],[4.375,-1],[4.125,4.875],[-8.75,5.125],[7,2.5],[-2.75,6.5],[6.75,3.375],[4.875,-4.25],[11.25,-3]],"o":[[-9,-9.25],[-3.5,6.5],[-2.25,7.75],[18.25,-5.75],[0.5,8],[0,-2],[6,12],[7.375,5.5],[5.625,4.75],[-0.875,10.375],[13.125,12.5],[-1.5,-10.25],[7,-5.875],[-6.625,-4.25],[-6.625,-9.375],[-5.5,0.75],[-2.125,-6.375],[-7,2.375],[2.25,-8.25],[3,0.25],[2.625,-7.75],[12.625,-4.875],[-11.375,-7.625],[-4.375,1],[-4.125,-4.875],[8.75,-5.125],[-7,-2.5],[2.75,-6.5],[-6.75,-3.375],[-4.875,4.25],[-11.25,3]],"v":[[10.25,-112],[-18.5,-99.25],[-21,-80],[-4.25,-79.25],[9.125,-25.5],[15.25,-17.5],[22.5,-11.875],[51.25,12.125],[52.25,29],[67.375,56.375],[70.5,98],[76.125,84.125],[91.625,60.25],[108.125,29.625],[82.5,13.375],[59,8.375],[48.125,1.25],[41.25,-5.5],[35.125,-14.625],[50.75,-14.625],[58.375,-22],[80.375,-39.5],[77.5,-69.625],[61.625,-57.5],[51.875,-66.25],[62.875,-79.25],[64.625,-91],[55,-98.75],[48.75,-108.875],[37.25,-111],[36,-99.25]],"c":true},"ix":2},"nm":"Path 1","mn":"ADBE Vector Shape - Group","hd":false},{"ty":"fl","c":{"a":0,"k":[1,1,1],"ix":4},"o":{"a":0,"k":100,"ix":5},"r":1,"bm":0,"nm":"Fill 1","mn":"ADBE Vector Graphic - Fill","hd":false},{"ty":"tr","p":{"a":0,"k":[0,0],"ix":2},"a":{"a":0,"k":[0,0],"ix":1},"s":{"a":0,"k":[100,100],"ix":3},"r":{"a":0,"k":0,"ix":6},"o":{"a":0,"k":100,"ix":7},"sk":{"a":0,"k":0,"ix":4},"sa":{"a":0,"k":0,"ix":5},"nm":"Transform"}],"nm":"Shape 4","np":3,"cix":2,"bm":0,"ix":6,"mn":"ADBE Vector Group","hd":false},{"ty":"gr","it":[{"ind":0,"ty":"sh","ix":1,"ks":{"a":0,"k":{"i":[[11.5,-2],[1.5,-9],[1,-6.75],[0.5,-3],[-9,1],[-5.75,10.5]],"o":[[-11.5,2],[-1.5,9],[-1,6.75],[-0.5,3],[9,-1],[5.75,-10.5]],"v":[[123.25,-128],[95.75,-112.75],[105.75,-92],[100,-78.75],[108.75,-72],[131.5,-103.75]],"c":true},"ix":2},"nm":"Path 1","mn":"ADBE Vector Shape - Group","hd":false},{"ty":"fl","c":{"a":0,"k":[1,1,1],"ix":4},"o":{"a":0,"k":100,"ix":5},"r":1,"bm":0,"nm":"Fill 1","mn":"ADBE Vector Graphic - Fill","hd":false},{"ty":"tr","p":{"a":0,"k":[0,0],"ix":2},"a":{"a":0,"k":[0,0],"ix":1},"s":{"a":0,"k":[100,100],"ix":3},"r":{"a":0,"k":0,"ix":6},"o":{"a":0,"k":100,"ix":7},"sk":{"a":0,"k":0,"ix":4},"sa":{"a":0,"k":0,"ix":5},"nm":"Transform"}],"nm":"Shape 1","np":3,"cix":2,"bm":0,"ix":7,"mn":"ADBE Vector Group","hd":false},{"ty":"tr","p":{"a":0,"k":[-50.197,-12.811],"ix":2},"a":{"a":0,"k":[-50.197,-12.811],"ix":1},"s":{"a":0,"k":[100,100],"ix":3},"r":{"a":0,"k":0,"ix":6},"o":{"a":0,"k":100,"ix":7},"sk":{"a":0,"k":0,"ix":4},"sa":{"a":0,"k":0,"ix":5},"nm":"Transform"}],"nm":"Group 1","np":7,"cix":2,"bm":0,"ix":4,"mn":"ADBE Vector Group","hd":false}],"ip":0,"op":192,"st":0,"ct":1,"bm":0},{"ddd":0,"ind":7,"ty":4,"nm":"earth bg","sr":1,"ks":{"o":{"a":0,"k":100,"ix":11},"r":{"a":0,"k":0,"ix":10},"p":{"a":0,"k":[133.483,130.981,0],"ix":2,"l":2},"a":{"a":0,"k":[133.775,132.637,0],"ix":1,"l":2},"s":{"a":0,"k":[100,100,100],"ix":6,"l":2}},"ao":0,"shapes":[{"ty":"gr","it":[{"ind":0,"ty":"sh","ix":1,"ks":{"a":0,"k":{"i":[[0,-73.744],[73.735,1.135],[0,73.743],[-66.759,1.26]],"o":[[0,73.743],[-81.875,-1.259],[0,-73.744],[73.731,-1.391]],"v":[[133.525,0.892],[5.954,131.127],[-133.525,0.892],[2.175,-130.871]],"c":true},"ix":2},"nm":"Path 1","mn":"ADBE Vector Shape - Group","hd":false},{"ty":"fl","c":{"a":0,"k":[0.714,0.922,0.91],"ix":4},"o":{"a":0,"k":100,"ix":5},"r":1,"bm":0,"nm":"Fill 1","mn":"ADBE Vector Graphic - Fill","hd":false},{"ty":"tr","p":{"a":0,"k":[133.775,132.512],"ix":2},"a":{"a":0,"k":[0,0],"ix":1},"s":{"a":0,"k":[100,100],"ix":3},"r":{"a":0,"k":0,"ix":6},"o":{"a":0,"k":100,"ix":7},"sk":{"a":0,"k":0,"ix":4},"sa":{"a":0,"k":0,"ix":5},"nm":"Transform"}],"nm":"Group 1","np":2,"cix":2,"bm":0,"ix":1,"mn":"ADBE Vector Group","hd":false}],"ip":0,"op":192,"st":0,"ct":1,"bm":0}],"markers":[]}