{"v":"5.7.4","fr":29.9700012207031,"ip":0,"op":234.000009531015,"w":147,"h":101,"nm":"Comp 1","ddd":0,"assets":[{"id":"comp_0","layers":[{"ddd":0,"ind":1,"ty":4,"nm":"Layer 1 Outlines","sr":1,"ks":{"o":{"a":0,"k":100,"ix":11},"r":{"a":0,"k":0,"ix":10},"p":{"a":0,"k":[20.014,20.288,0],"ix":2,"l":2},"a":{"a":0,"k":[23.316,23.227,0],"ix":1,"l":2},"s":{"a":0,"k":[100,100,100],"ix":6,"l":2}},"ao":0,"shapes":[{"ty":"gr","it":[{"ind":0,"ty":"sh","ix":1,"ks":{"a":0,"k":{"i":[[0.922,0],[0,0],[0,0],[1.024,0],[0,-1.024],[0,0],[0,0],[0,-1.024],[-1.025,0],[0,0],[0,0],[-1.025,0],[0,1.024],[0,0],[0,0],[0,1.025]],"o":[[0,0],[0,0],[0,-0.922],[-0.922,0],[0,0],[0,0],[-0.922,0],[0,1.025],[0,0],[0,0],[0,0.921],[0.922,0],[0,0],[0,0],[0.922,0],[0,-1.024]],"v":[[6.352,-1.742],[1.742,-1.742],[1.742,-6.352],[0.001,-8.092],[-1.742,-6.352],[-1.742,-1.742],[-6.35,-1.742],[-8.092,-0.001],[-6.35,1.742],[-1.742,1.742],[-1.742,6.352],[0.001,8.092],[1.742,6.352],[1.742,1.742],[6.352,1.742],[8.092,-0.001]],"c":true},"ix":2},"nm":"Path 1","mn":"ADBE Vector Shape - Group","hd":false},{"ty":"fl","c":{"a":0,"k":[1,1,1],"ix":4},"o":{"a":0,"k":100,"ix":5},"r":1,"bm":0,"nm":"Fill 1","mn":"ADBE Vector Graphic - Fill","hd":false},{"ty":"tr","p":{"a":0,"k":[23.739,23.827],"ix":2},"a":{"a":0,"k":[0,0],"ix":1},"s":{"a":0,"k":[100,100],"ix":3},"r":{"a":0,"k":0,"ix":6},"o":{"a":0,"k":100,"ix":7},"sk":{"a":0,"k":0,"ix":4},"sa":{"a":0,"k":0,"ix":5},"nm":"Transform"}],"nm":"Group 1","np":2,"cix":2,"bm":0,"ix":1,"mn":"ADBE Vector Group","hd":false},{"ty":"gr","it":[{"ind":0,"ty":"sh","ix":1,"ks":{"a":0,"k":{"i":[[4.101,0.911],[0,0],[0,0],[-2.03,9.781],[-9.742,-2.114],[0,0],[-2.641,-2.445],[1.278,-5.867],[0.642,-1.384],[3.425,-1.761]],"o":[[0,0],[0,0],[-9.773,-2.028],[2.034,-9.801],[0,0],[3.47,0.731],[4.315,4.333],[-0.38,1.611],[-1.743,3.378],[-3.534,1.765]],"v":[[-3.24,18.316],[-3.255,18.313],[-3.269,18.31],[-17.286,-3.091],[3.995,-17.113],[4.007,-17.111],[13.171,-12.198],[18.038,4.255],[16.451,8.94],[8.534,16.743]],"c":true},"ix":2},"nm":"Path 1","mn":"ADBE Vector Shape - Group","hd":false},{"ty":"st","c":{"a":0,"k":[1,1,1],"ix":3},"o":{"a":0,"k":100,"ix":4},"w":{"a":0,"k":4,"ix":5},"lc":1,"lj":1,"ml":4,"bm":0,"nm":"Stroke 1","mn":"ADBE Vector Graphic - Stroke","hd":false},{"ty":"fl","c":{"a":0,"k":[0,0,0],"ix":4},"o":{"a":0,"k":100,"ix":5},"r":1,"bm":0,"nm":"Fill 1","mn":"ADBE Vector Graphic - Fill","hd":false},{"ty":"tr","p":{"a":0,"k":[23.316,23.227],"ix":2},"a":{"a":0,"k":[0,0],"ix":1},"s":{"a":0,"k":[100,100],"ix":3},"r":{"a":0,"k":0,"ix":6},"o":{"a":0,"k":100,"ix":7},"sk":{"a":0,"k":0,"ix":4},"sa":{"a":0,"k":0,"ix":5},"nm":"Transform"}],"nm":"Group 2","np":3,"cix":2,"bm":0,"ix":2,"mn":"ADBE Vector Group","hd":false}],"ip":0,"op":462.000018817646,"st":0,"bm":0}]},{"id":"comp_1","layers":[{"ddd":0,"ind":1,"ty":4,"nm":"Spectacles","parent":3,"sr":1,"ks":{"o":{"a":0,"k":100,"ix":11},"r":{"a":0,"k":0,"ix":10},"p":{"a":0,"k":[150.029,214.719,0],"ix":2,"l":2},"a":{"a":0,"k":[103.143,48.67,0],"ix":1,"l":2},"s":{"a":0,"k":[100,100,100],"ix":6,"l":2}},"ao":0,"shapes":[{"ty":"gr","it":[{"ind":0,"ty":"sh","ix":1,"ks":{"a":0,"k":{"i":[[0.072,0],[0.111,1.077],[5.588,0],[0.046,-0.627],[1.155,0.095],[-0.073,1.149],[-7.647,0],[-0.357,-3.441],[1.15,-0.119]],"o":[[-1.06,0],[-0.072,-0.624],[-5.514,0],[-0.086,1.148],[-1.149,-0.08],[0.224,-3.469],[7.586,0],[0.119,1.151],[-0.073,0.008]],"v":[[8.359,6.087],[6.279,4.209],[-0.178,-1.984],[-6.31,4.138],[-8.545,6.076],[-10.49,3.859],[-0.178,-6.172],[10.445,3.777],[8.578,6.076]],"c":true},"ix":2},"nm":"Path 1","mn":"ADBE Vector Shape - Group","hd":false},{"ty":"fl","c":{"a":0,"k":[0,0,0],"ix":4},"o":{"a":0,"k":100,"ix":5},"r":1,"bm":0,"nm":"Fill 1","mn":"ADBE Vector Graphic - Fill","hd":false},{"ty":"tr","p":{"a":0,"k":[102.928,38.091],"ix":2},"a":{"a":0,"k":[0,0],"ix":1},"s":{"a":0,"k":[100,100],"ix":3},"r":{"a":0,"k":0,"ix":6},"o":{"a":0,"k":100,"ix":7},"sk":{"a":0,"k":0,"ix":4},"sa":{"a":0,"k":0,"ix":5},"nm":"Transform"}],"nm":"Group 1","np":2,"cix":2,"bm":0,"ix":1,"mn":"ADBE Vector Group","hd":false},{"ty":"gr","it":[{"ind":0,"ty":"sh","ix":1,"ks":{"a":0,"k":{"i":[[24.39,0],[0,-24.389],[-24.389,0],[0,24.39]],"o":[[-24.389,0],[0,24.39],[24.39,0],[0,-24.389]],"v":[[0,-44.232],[-44.231,0],[0,44.232],[44.232,0]],"c":true},"ix":2},"nm":"Path 1","mn":"ADBE Vector Shape - Group","hd":false},{"ind":1,"ty":"sh","ix":2,"ks":{"a":0,"k":{"i":[[26.699,0],[0,26.7],[-26.699,0],[0,-26.699]],"o":[[-26.699,0],[0,-26.699],[26.699,0],[0,26.7]],"v":[[0,48.419],[-48.42,0],[0,-48.419],[48.42,0]],"c":true},"ix":2},"nm":"Path 2","mn":"ADBE Vector Shape - Group","hd":false},{"ty":"mm","mm":1,"nm":"Merge Paths 1","mn":"ADBE Vector Filter - Merge","hd":false},{"ty":"fl","c":{"a":0,"k":[0,0,0],"ix":4},"o":{"a":0,"k":100,"ix":5},"r":1,"bm":0,"nm":"Fill 1","mn":"ADBE Vector Graphic - Fill","hd":false},{"ty":"tr","p":{"a":0,"k":[157.615,48.67],"ix":2},"a":{"a":0,"k":[0,0],"ix":1},"s":{"a":0,"k":[100,100],"ix":3},"r":{"a":0,"k":0,"ix":6},"o":{"a":0,"k":100,"ix":7},"sk":{"a":0,"k":0,"ix":4},"sa":{"a":0,"k":0,"ix":5},"nm":"Transform"}],"nm":"Group 2","np":4,"cix":2,"bm":0,"ix":2,"mn":"ADBE Vector Group","hd":false},{"ty":"gr","it":[{"ind":0,"ty":"sh","ix":1,"ks":{"a":0,"k":{"i":[[24.389,0],[0,-24.389],[-24.39,0],[0,24.39]],"o":[[-24.39,0],[0,24.39],[24.389,0],[0,-24.389]],"v":[[0.001,-44.232],[-44.231,0],[0.001,44.232],[44.232,0]],"c":true},"ix":2},"nm":"Path 1","mn":"ADBE Vector Shape - Group","hd":false},{"ind":1,"ty":"sh","ix":2,"ks":{"a":0,"k":{"i":[[26.699,0],[0,26.7],[-26.7,0],[0,-26.699]],"o":[[-26.7,0],[0,-26.699],[26.699,0],[0,26.7]],"v":[[0.001,48.419],[-48.42,0],[0.001,-48.419],[48.42,0]],"c":true},"ix":2},"nm":"Path 2","mn":"ADBE Vector Shape - Group","hd":false},{"ty":"mm","mm":1,"nm":"Merge Paths 1","mn":"ADBE Vector Filter - Merge","hd":false},{"ty":"fl","c":{"a":0,"k":[0,0,0],"ix":4},"o":{"a":0,"k":100,"ix":5},"r":1,"bm":0,"nm":"Fill 1","mn":"ADBE Vector Graphic - Fill","hd":false},{"ty":"tr","p":{"a":0,"k":[48.67,48.67],"ix":2},"a":{"a":0,"k":[0,0],"ix":1},"s":{"a":0,"k":[100,100],"ix":3},"r":{"a":0,"k":0,"ix":6},"o":{"a":0,"k":100,"ix":7},"sk":{"a":0,"k":0,"ix":4},"sa":{"a":0,"k":0,"ix":5},"nm":"Transform"}],"nm":"Group 3","np":4,"cix":2,"bm":0,"ix":3,"mn":"ADBE Vector Group","hd":false}],"ip":0,"op":234.964809570312,"st":0,"bm":0},{"ddd":0,"ind":2,"ty":4,"nm":"FAce 2","td":1,"sr":1,"ks":{"o":{"a":0,"k":100,"ix":11},"r":{"a":0,"k":0,"ix":10},"p":{"a":0,"k":[500.457,463.054,0],"ix":2,"l":2},"a":{"a":0,"k":[125.19,155.474,0],"ix":1,"l":2},"s":{"a":0,"k":[100,100,100],"ix":6,"l":2}},"ao":0,"shapes":[{"ty":"gr","it":[{"ind":0,"ty":"sh","ix":1,"ks":{"a":0,"k":{"i":[[4.466,0.13],[-7.401,-107.19],[-78.84,-1.855],[-1.786,68.861],[59.911,19.641]],"o":[[-97.028,-2.833],[4.597,66.582],[82.165,1.933],[1.878,-72.414],[-4.151,-1.36]],"v":[[17.532,-152.391],[-117.539,3.879],[1.715,153.291],[123.062,-6.855],[47.837,-147.345]],"c":true},"ix":2},"nm":"Path 1","mn":"ADBE Vector Shape - Group","hd":false},{"ty":"fl","c":{"a":0,"k":[1,0.722,0.631],"ix":4},"o":{"a":0,"k":100,"ix":5},"r":1,"bm":0,"nm":"Fill 1","mn":"ADBE Vector Graphic - Fill","hd":false},{"ty":"tr","p":{"a":0,"k":[125.19,155.474],"ix":2},"a":{"a":0,"k":[0,0],"ix":1},"s":{"a":0,"k":[100,100],"ix":3},"r":{"a":0,"k":0,"ix":6},"o":{"a":0,"k":100,"ix":7},"sk":{"a":0,"k":0,"ix":4},"sa":{"a":0,"k":0,"ix":5},"nm":"Transform"}],"nm":"Group 1","np":2,"cix":2,"bm":0,"ix":1,"mn":"ADBE Vector Group","hd":false}],"ip":0,"op":234.964809570312,"st":0,"bm":0},{"ddd":0,"ind":3,"ty":4,"nm":"Front hair","tt":1,"sr":1,"ks":{"o":{"a":0,"k":100,"ix":11},"r":{"a":0,"k":0,"ix":10},"p":{"a":1,"k":[{"i":{"x":0.2,"y":1},"o":{"x":0.8,"y":0},"t":0,"s":[507.637,370.346,0],"to":[2,0,0],"ti":[3,3.167,0]},{"i":{"x":0.2,"y":1},"o":{"x":0.8,"y":0},"t":35.225,"s":[519.637,370.346,0],"to":[-3,-3.167,0],"ti":[2,-4.167,0]},{"i":{"x":0.2,"y":1},"o":{"x":0.8,"y":0},"t":72.051,"s":[489.637,351.346,0],"to":[-2,4.167,0],"ti":[-5.5,-3.167,0]},{"i":{"x":0.2,"y":1},"o":{"x":0.8,"y":0},"t":105.675,"s":[507.637,395.346,0],"to":[5.5,3.167,0],"ti":[0,8.833,0]},{"i":{"x":0.2,"y":1},"o":{"x":0.8,"y":0},"t":142.502,"s":[522.637,370.346,0],"to":[0,-8.833,0],"ti":[5.333,-2,0]},{"i":{"x":0.2,"y":1},"o":{"x":0.8,"y":0},"t":172.922,"s":[507.637,342.346,0],"to":[-5.333,2,0],"ti":[0,-4.667,0]},{"i":{"x":0.2,"y":1},"o":{"x":0.8,"y":0},"t":200.142,"s":[490.637,382.346,0],"to":[0,4.667,0],"ti":[-2.833,2,0]},{"t":233.766009521484,"s":[507.637,370.346,0]}],"ix":2,"x":"var $bm_rt;\nvar range, samples, on_off;\nrange = $bm_div(effect('Position - Smoothness')('ADBE Slider Control-0001'), 20);\nsamples = $bm_div(effect('Position - Blend Precision')('ADBE Slider Control-0001'), 2);\n$bm_rt = on_off = effect('Position - Blend On/Off')('ADBE Checkbox Control-0001');\nif (on_off == 1) {\n    try {\n        $bm_rt = smooth(range, samples);\n    } catch (e$$4) {\n        $bm_rt = smooth(1, 1);\n    }\n} else {\n    $bm_rt = value = value;\n}","l":2},"a":{"a":0,"k":[153.122,115.902,0],"ix":1,"l":2},"s":{"a":0,"k":[100,100,100],"ix":6,"l":2}},"ao":0,"ef":[{"ty":5,"nm":"Position - Smoothness","np":3,"mn":"ADBE Slider Control","ix":1,"en":1,"ef":[{"ty":0,"nm":"Slider","mn":"ADBE Slider Control-0001","ix":1,"v":{"a":0,"k":4,"ix":1,"x":"var $bm_rt;\n$bm_rt = clamp(value, 0, 100);"}}]},{"ty":5,"nm":"Position - Blend Precision","np":3,"mn":"ADBE Slider Control","ix":2,"en":1,"ef":[{"ty":0,"nm":"Slider","mn":"ADBE Slider Control-0001","ix":1,"v":{"a":0,"k":25,"ix":1,"x":"var $bm_rt;\n$bm_rt = clamp(value, 0, 100);"}}]},{"ty":5,"nm":"Position - Blend On/Off","np":3,"mn":"ADBE Checkbox Control","ix":3,"en":1,"ef":[{"ty":7,"nm":"Checkbox","mn":"ADBE Checkbox Control-0001","ix":1,"v":{"a":0,"k":1,"ix":1}}]},{"ty":5,"nm":"Position - Smoothness","np":3,"mn":"ADBE Slider Control","ix":4,"en":1,"ef":[{"ty":0,"nm":"Slider","mn":"ADBE Slider Control-0001","ix":1,"v":{"a":0,"k":4,"ix":1,"x":"var $bm_rt;\n$bm_rt = clamp(value, 0, 100);"}}]},{"ty":5,"nm":"Position - Blend Precision","np":3,"mn":"ADBE Slider Control","ix":5,"en":1,"ef":[{"ty":0,"nm":"Slider","mn":"ADBE Slider Control-0001","ix":1,"v":{"a":0,"k":25,"ix":1,"x":"var $bm_rt;\n$bm_rt = clamp(value, 0, 100);"}}]},{"ty":5,"nm":"Position - Blend On/Off","np":3,"mn":"ADBE Checkbox Control","ix":6,"en":1,"ef":[{"ty":7,"nm":"Checkbox","mn":"ADBE Checkbox Control-0001","ix":1,"v":{"a":0,"k":1,"ix":1}}]}],"shapes":[{"ty":"gr","it":[{"ind":0,"ty":"sh","ix":1,"ks":{"a":0,"k":{"i":[[11.511,-25.539],[-6.475,30.215],[0,0]],"o":[[0,0],[0,0],[0,0]],"v":[[3.957,38.701],[-8.993,-32.519],[12.229,-38.701]],"c":true},"ix":2},"nm":"Path 1","mn":"ADBE Vector Shape - Group","hd":false},{"ty":"fl","c":{"a":0,"k":[0,0,0],"ix":4},"o":{"a":0,"k":100,"ix":5},"r":1,"bm":0,"nm":"Fill 1","mn":"ADBE Vector Graphic - Fill","hd":false},{"ty":"tr","p":{"a":0,"k":[260.956,192.852],"ix":2},"a":{"a":0,"k":[0,0],"ix":1},"s":{"a":0,"k":[100,100],"ix":3},"r":{"a":0,"k":0,"ix":6},"o":{"a":0,"k":100,"ix":7},"sk":{"a":0,"k":0,"ix":4},"sa":{"a":0,"k":0,"ix":5},"nm":"Transform"}],"nm":"Group 1","np":2,"cix":2,"bm":0,"ix":1,"mn":"ADBE Vector Group","hd":false},{"ty":"gr","it":[{"ind":0,"ty":"sh","ix":1,"ks":{"a":0,"k":{"i":[[-8.588,-25.348],[6.475,30.215],[0,0]],"o":[[0,0],[0,0],[0,0]],"v":[[-3.436,43.714],[9.513,-27.506],[-15.988,-43.714]],"c":true},"ix":2},"nm":"Path 1","mn":"ADBE Vector Shape - Group","hd":false},{"ty":"fl","c":{"a":0,"k":[0,0,0],"ix":4},"o":{"a":0,"k":100,"ix":5},"r":1,"bm":0,"nm":"Fill 1","mn":"ADBE Vector Graphic - Fill","hd":false},{"ty":"tr","p":{"a":0,"k":[35.71,187.84],"ix":2},"a":{"a":0,"k":[0,0],"ix":1},"s":{"a":0,"k":[100,100],"ix":3},"r":{"a":0,"k":0,"ix":6},"o":{"a":0,"k":100,"ix":7},"sk":{"a":0,"k":0,"ix":4},"sa":{"a":0,"k":0,"ix":5},"nm":"Transform"}],"nm":"Group 2","np":2,"cix":2,"bm":0,"ix":2,"mn":"ADBE Vector Group","hd":false},{"ty":"gr","it":[{"ind":0,"ty":"sh","ix":1,"ks":{"a":0,"k":{"i":[[0,0],[0,53.834],[-79.856,-6.182],[0,0],[-7.017,1.998],[157.873,-21.881],[40.386,-27.955],[0,0]],"o":[[0,0],[0,0],[0,0],[0,0],[0,0],[0,0],[-58.461,40.466],[0,0]],"v":[[-107.899,73.575],[-4.739,-6.955],[98.841,73.575],[116.018,86.508],[132.208,77.108],[-5.001,-64.627],[-94.411,-47.66],[-129.541,81.635]],"c":true},"ix":2},"nm":"Path 1","mn":"ADBE Vector Shape - Group","hd":false},{"ty":"fl","c":{"a":0,"k":[0,0,0],"ix":4},"o":{"a":0,"k":100,"ix":5},"r":1,"bm":0,"nm":"Fill 1","mn":"ADBE Vector Graphic - Fill","hd":false},{"ty":"tr","p":{"a":0,"k":[153.122,86.758],"ix":2},"a":{"a":0,"k":[0,0],"ix":1},"s":{"a":0,"k":[111.884,100],"ix":3},"r":{"a":0,"k":0,"ix":6},"o":{"a":0,"k":100,"ix":7},"sk":{"a":0,"k":0,"ix":4},"sa":{"a":0,"k":0,"ix":5},"nm":"Transform"}],"nm":"Group 4","np":2,"cix":2,"bm":0,"ix":3,"mn":"ADBE Vector Group","hd":false},{"ty":"gr","it":[{"ind":0,"ty":"sh","ix":1,"ks":{"a":0,"k":{"i":[[0,0],[0,53.834],[-79.856,-6.182],[0,0],[-7.017,1.998],[157.873,-21.881],[40.386,-27.955],[0,0]],"o":[[0,0],[0,0],[0,0],[0,0],[0,0],[0,0],[-58.461,40.466],[0,0]],"v":[[-107.899,73.575],[-4.739,-6.955],[98.841,73.575],[116.018,86.508],[132.208,77.108],[-5.001,-64.627],[-94.411,-47.66],[-129.541,81.635]],"c":true},"ix":2},"nm":"Path 1","mn":"ADBE Vector Shape - Group","hd":false},{"ty":"fl","c":{"a":0,"k":[0,0,0],"ix":4},"o":{"a":0,"k":100,"ix":5},"r":1,"bm":0,"nm":"Fill 1","mn":"ADBE Vector Graphic - Fill","hd":false},{"ty":"tr","p":{"a":0,"k":[153.122,86.758],"ix":2},"a":{"a":0,"k":[0,0],"ix":1},"s":{"a":0,"k":[100,100],"ix":3},"r":{"a":0,"k":0,"ix":6},"o":{"a":0,"k":100,"ix":7},"sk":{"a":0,"k":0,"ix":4},"sa":{"a":0,"k":0,"ix":5},"nm":"Transform"}],"nm":"Group 3","np":2,"cix":2,"bm":0,"ix":4,"mn":"ADBE Vector Group","hd":false}],"ip":0,"op":234.964809570312,"st":0,"bm":0},{"ddd":0,"ind":4,"ty":4,"nm":"FAce","sr":1,"ks":{"o":{"a":0,"k":100,"ix":11},"r":{"a":0,"k":0,"ix":10},"p":{"a":0,"k":[500.457,464.054,0],"ix":2,"l":2},"a":{"a":0,"k":[125.19,155.474,0],"ix":1,"l":2},"s":{"a":0,"k":[100,100,100],"ix":6,"l":2}},"ao":0,"shapes":[{"ty":"gr","it":[{"ind":0,"ty":"sh","ix":1,"ks":{"a":0,"k":{"i":[[4.466,0.13],[-7.401,-107.19],[-78.84,-1.855],[-1.786,68.861],[59.911,19.641]],"o":[[-97.028,-2.833],[4.597,66.582],[82.165,1.933],[1.878,-72.414],[-4.151,-1.36]],"v":[[17.532,-152.391],[-117.539,3.879],[1.715,153.291],[123.062,-6.855],[47.837,-147.345]],"c":true},"ix":2},"nm":"Path 1","mn":"ADBE Vector Shape - Group","hd":false},{"ty":"fl","c":{"a":0,"k":[1,1,1],"ix":4},"o":{"a":0,"k":100,"ix":5},"r":1,"bm":0,"nm":"Fill 1","mn":"ADBE Vector Graphic - Fill","hd":false},{"ty":"tr","p":{"a":0,"k":[125.19,155.474],"ix":2},"a":{"a":0,"k":[0,0],"ix":1},"s":{"a":0,"k":[100,100],"ix":3},"r":{"a":0,"k":0,"ix":6},"o":{"a":0,"k":100,"ix":7},"sk":{"a":0,"k":0,"ix":4},"sa":{"a":0,"k":0,"ix":5},"nm":"Transform"}],"nm":"Group 1","np":2,"cix":2,"bm":0,"ix":1,"mn":"ADBE Vector Group","hd":false}],"ip":0,"op":234.964809570312,"st":0,"bm":0},{"ddd":0,"ind":5,"ty":4,"nm":"Ears","sr":1,"ks":{"o":{"a":0,"k":100,"ix":11},"r":{"a":0,"k":0,"ix":10},"p":{"a":1,"k":[{"i":{"x":0.2,"y":1},"o":{"x":0.8,"y":0},"t":0,"s":[503.219,472.483,0],"to":[-1.5,0,0],"ti":[-2,-2.333,0]},{"i":{"x":0.2,"y":1},"o":{"x":0.8,"y":0},"t":35.225,"s":[494.219,472.483,0],"to":[2,2.333,0],"ti":[-1.5,3.833,0]},{"i":{"x":0.2,"y":1},"o":{"x":0.8,"y":0},"t":72.051,"s":[515.219,486.483,0],"to":[1.5,-3.833,0],"ti":[4.5,2.333,0]},{"i":{"x":0.2,"y":1},"o":{"x":0.8,"y":0},"t":105.675,"s":[503.219,449.483,0],"to":[-4.5,-2.333,0],"ti":[0,-6.667,0]},{"i":{"x":0.2,"y":1},"o":{"x":0.8,"y":0},"t":142.502,"s":[488.219,472.483,0],"to":[0,6.667,0],"ti":[-4.5,3,0]},{"i":{"x":0.2,"y":1},"o":{"x":0.8,"y":0},"t":172.922,"s":[503.219,489.483,0],"to":[4.5,-3,0],"ti":[0,2.833,0]},{"i":{"x":0.2,"y":1},"o":{"x":0.8,"y":0},"t":200.142,"s":[515.219,454.483,0],"to":[0,-2.833,0],"ti":[2,-3,0]},{"t":233.766009521484,"s":[503.219,472.483,0]}],"ix":2,"x":"var $bm_rt;\nvar range, samples, on_off;\nrange = $bm_div(effect('Position - Smoothness')('ADBE Slider Control-0001'), 20);\nsamples = $bm_div(effect('Position - Blend Precision')('ADBE Slider Control-0001'), 2);\n$bm_rt = on_off = effect('Position - Blend On/Off')('ADBE Checkbox Control-0001');\nif (on_off == 1) {\n    try {\n        $bm_rt = smooth(range, samples);\n    } catch (e$$4) {\n        $bm_rt = smooth(1, 1);\n    }\n} else {\n    $bm_rt = value = value;\n}","l":2},"a":{"a":0,"k":[184.202,72.771,0],"ix":1,"l":2},"s":{"a":0,"k":[100,100,100],"ix":6,"l":2}},"ao":0,"ef":[{"ty":5,"nm":"Position - Smoothness","np":3,"mn":"ADBE Slider Control","ix":1,"en":1,"ef":[{"ty":0,"nm":"Slider","mn":"ADBE Slider Control-0001","ix":1,"v":{"a":0,"k":4,"ix":1,"x":"var $bm_rt;\n$bm_rt = clamp(value, 0, 100);"}}]},{"ty":5,"nm":"Position - Blend Precision","np":3,"mn":"ADBE Slider Control","ix":2,"en":1,"ef":[{"ty":0,"nm":"Slider","mn":"ADBE Slider Control-0001","ix":1,"v":{"a":0,"k":25,"ix":1,"x":"var $bm_rt;\n$bm_rt = clamp(value, 0, 100);"}}]},{"ty":5,"nm":"Position - Blend On/Off","np":3,"mn":"ADBE Checkbox Control","ix":3,"en":1,"ef":[{"ty":7,"nm":"Checkbox","mn":"ADBE Checkbox Control-0001","ix":1,"v":{"a":0,"k":1,"ix":1}}]},{"ty":5,"nm":"Position - Smoothness","np":3,"mn":"ADBE Slider Control","ix":4,"en":1,"ef":[{"ty":0,"nm":"Slider","mn":"ADBE Slider Control-0001","ix":1,"v":{"a":0,"k":4,"ix":1,"x":"var $bm_rt;\n$bm_rt = clamp(value, 0, 100);"}}]},{"ty":5,"nm":"Position - Blend Precision","np":3,"mn":"ADBE Slider Control","ix":5,"en":1,"ef":[{"ty":0,"nm":"Slider","mn":"ADBE Slider Control-0001","ix":1,"v":{"a":0,"k":25,"ix":1,"x":"var $bm_rt;\n$bm_rt = clamp(value, 0, 100);"}}]},{"ty":5,"nm":"Position - Blend On/Off","np":3,"mn":"ADBE Checkbox Control","ix":6,"en":1,"ef":[{"ty":7,"nm":"Checkbox","mn":"ADBE Checkbox Control-0001","ix":1,"v":{"a":0,"k":1,"ix":1}}]}],"shapes":[{"ty":"gr","it":[{"ind":0,"ty":"sh","ix":1,"ks":{"a":0,"k":{"i":[[0,0],[-25.542,-26.454],[44.698,20.068]],"o":[[0,0],[25.542,26.454],[0,0]],"v":[[-36.945,-27.823],[21.437,-46.067],[-46.979,52.453]],"c":true},"ix":2},"nm":"Path 1","mn":"ADBE Vector Shape - Group","hd":false},{"ty":"fl","c":{"a":0,"k":[1,1,1],"ix":4},"o":{"a":0,"k":100,"ix":5},"r":1,"bm":0,"nm":"Fill 1","mn":"ADBE Vector Graphic - Fill","hd":false},{"ty":"tr","p":{"a":0,"k":[309.174,72.771],"ix":2},"a":{"a":0,"k":[0,0],"ix":1},"s":{"a":0,"k":[100,100],"ix":3},"r":{"a":0,"k":0,"ix":6},"o":{"a":0,"k":100,"ix":7},"sk":{"a":0,"k":0,"ix":4},"sa":{"a":0,"k":0,"ix":5},"nm":"Transform"}],"nm":"Group 2","np":2,"cix":2,"bm":0,"ix":1,"mn":"ADBE Vector Group","hd":false},{"ty":"gr","it":[{"ind":0,"ty":"sh","ix":1,"ks":{"a":0,"k":{"i":[[0,0],[25.542,-26.454],[-44.699,20.068]],"o":[[0,0],[-25.542,26.454],[0,0]],"v":[[36.945,-27.823],[-21.437,-46.067],[46.979,52.453]],"c":true},"ix":2},"nm":"Path 1","mn":"ADBE Vector Shape - Group","hd":false},{"ty":"fl","c":{"a":0,"k":[1,1,1],"ix":4},"o":{"a":0,"k":100,"ix":5},"r":1,"bm":0,"nm":"Fill 1","mn":"ADBE Vector Graphic - Fill","hd":false},{"ty":"tr","p":{"a":0,"k":[63.229,72.771],"ix":2},"a":{"a":0,"k":[0,0],"ix":1},"s":{"a":0,"k":[100,100],"ix":3},"r":{"a":0,"k":0,"ix":6},"o":{"a":0,"k":100,"ix":7},"sk":{"a":0,"k":0,"ix":4},"sa":{"a":0,"k":0,"ix":5},"nm":"Transform"}],"nm":"Group 4","np":2,"cix":2,"bm":0,"ix":2,"mn":"ADBE Vector Group","hd":false}],"ip":0,"op":234.964809570312,"st":0,"bm":0},{"ddd":0,"ind":6,"ty":4,"nm":"Bun","parent":11,"sr":1,"ks":{"o":{"a":0,"k":100,"ix":11},"r":{"a":0,"k":0,"ix":10},"p":{"a":1,"k":[{"i":{"x":0.2,"y":1},"o":{"x":0.8,"y":0},"t":0,"s":[158.495,-20.947,0],"to":[-8.333,0,0],"ti":[-6.333,-6.167,0]},{"i":{"x":0.2,"y":1},"o":{"x":0.8,"y":0},"t":35.225,"s":[108.495,-20.947,0],"to":[6.333,6.167,0],"ti":[-8.333,4,0]},{"i":{"x":0.2,"y":1},"o":{"x":0.8,"y":0},"t":72.051,"s":[196.495,16.053,0],"to":[8.333,-4,0],"ti":[12,6.167,0]},{"i":{"x":0.2,"y":1},"o":{"x":0.8,"y":0},"t":105.675,"s":[158.495,-44.947,0],"to":[-12,-6.167,0],"ti":[0,-8.5,0]},{"i":{"x":0.2,"y":1},"o":{"x":0.8,"y":0},"t":142.502,"s":[124.495,-20.947,0],"to":[0,8.5,0],"ti":[-12.667,-1.5,0]},{"i":{"x":0.2,"y":1},"o":{"x":0.8,"y":0},"t":172.922,"s":[158.495,6.053,0],"to":[12.667,1.5,0],"ti":[0,4.5,0]},{"i":{"x":0.2,"y":1},"o":{"x":0.8,"y":0},"t":200.142,"s":[200.495,-11.947,0],"to":[0,-4.5,0],"ti":[7,1.5,0]},{"t":233.766009521484,"s":[158.495,-20.947,0]}],"ix":2,"x":"var $bm_rt;\nvar range, samples, on_off;\nrange = $bm_div(effect('Position - Smoothness')('ADBE Slider Control-0001'), 20);\nsamples = $bm_div(effect('Position - Blend Precision')('ADBE Slider Control-0001'), 2);\n$bm_rt = on_off = effect('Position - Blend On/Off')('ADBE Checkbox Control-0001');\nif (on_off == 1) {\n    try {\n        $bm_rt = smooth(range, samples);\n    } catch (e$$4) {\n        $bm_rt = smooth(1, 1);\n    }\n} else {\n    $bm_rt = value = value;\n}","l":2},"a":{"a":0,"k":[96.953,85.977,0],"ix":1,"l":2},"s":{"a":0,"k":[100,100,100],"ix":6,"l":2}},"ao":0,"ef":[{"ty":5,"nm":"Position - Smoothness","np":3,"mn":"ADBE Slider Control","ix":1,"en":1,"ef":[{"ty":0,"nm":"Slider","mn":"ADBE Slider Control-0001","ix":1,"v":{"a":0,"k":4,"ix":1,"x":"var $bm_rt;\n$bm_rt = clamp(value, 0, 100);"}}]},{"ty":5,"nm":"Position - Blend Precision","np":3,"mn":"ADBE Slider Control","ix":2,"en":1,"ef":[{"ty":0,"nm":"Slider","mn":"ADBE Slider Control-0001","ix":1,"v":{"a":0,"k":25,"ix":1,"x":"var $bm_rt;\n$bm_rt = clamp(value, 0, 100);"}}]},{"ty":5,"nm":"Position - Blend On/Off","np":3,"mn":"ADBE Checkbox Control","ix":3,"en":1,"ef":[{"ty":7,"nm":"Checkbox","mn":"ADBE Checkbox Control-0001","ix":1,"v":{"a":0,"k":1,"ix":1}}]},{"ty":5,"nm":"Position - Smoothness","np":3,"mn":"ADBE Slider Control","ix":4,"en":1,"ef":[{"ty":0,"nm":"Slider","mn":"ADBE Slider Control-0001","ix":1,"v":{"a":0,"k":4,"ix":1,"x":"var $bm_rt;\n$bm_rt = clamp(value, 0, 100);"}}]},{"ty":5,"nm":"Position - Blend Precision","np":3,"mn":"ADBE Slider Control","ix":5,"en":1,"ef":[{"ty":0,"nm":"Slider","mn":"ADBE Slider Control-0001","ix":1,"v":{"a":0,"k":25,"ix":1,"x":"var $bm_rt;\n$bm_rt = clamp(value, 0, 100);"}}]},{"ty":5,"nm":"Position - Blend On/Off","np":3,"mn":"ADBE Checkbox Control","ix":6,"en":1,"ef":[{"ty":7,"nm":"Checkbox","mn":"ADBE Checkbox Control-0001","ix":1,"v":{"a":0,"k":1,"ix":1}}]}],"shapes":[{"ty":"gr","it":[{"ind":0,"ty":"sh","ix":1,"ks":{"a":0,"k":{"i":[[30.171,-74.008],[0.648,-1.371],[15.388,-13.315],[0,0],[14.179,24.343],[0.669,1.338],[-27.517,27.945]],"o":[[-0.551,1.36],[-6.02,12.699],[0,0],[0,0],[-0.745,-1.283],[-9.874,-19.714],[54.462,-55.321]],"v":[[66.532,42.393],[64.729,46.495],[33.101,85.727],[-42.652,85.727],[-84.013,46.375],[-86.15,42.427],[-69.186,-30.405]],"c":true},"ix":2},"nm":"Path 1","mn":"ADBE Vector Shape - Group","hd":false},{"ty":"fl","c":{"a":0,"k":[0,0,0],"ix":4},"o":{"a":0,"k":100,"ix":5},"r":1,"bm":0,"nm":"Fill 1","mn":"ADBE Vector Graphic - Fill","hd":false},{"ty":"tr","p":{"a":0,"k":[96.953,85.977],"ix":2},"a":{"a":0,"k":[0,0],"ix":1},"s":{"a":0,"k":[100,100],"ix":3},"r":{"a":0,"k":0,"ix":6},"o":{"a":0,"k":100,"ix":7},"sk":{"a":0,"k":0,"ix":4},"sa":{"a":0,"k":0,"ix":5},"nm":"Transform"}],"nm":"Group 1","np":2,"cix":2,"bm":0,"ix":1,"mn":"ADBE Vector Group","hd":false}],"ip":0,"op":234.964809570312,"st":0,"bm":0},{"ddd":0,"ind":7,"ty":4,"nm":"Neck tt","td":1,"sr":1,"ks":{"o":{"a":0,"k":100,"ix":11},"r":{"a":0,"k":0,"ix":10},"p":{"a":0,"k":[498.942,639.039,0],"ix":2,"l":2},"a":{"a":0,"k":[60.325,48.936,0],"ix":1,"l":2},"s":{"a":0,"k":[100,149.428,100],"ix":6,"l":2}},"ao":0,"shapes":[{"ty":"gr","it":[{"ind":0,"ty":"sh","ix":1,"ks":{"a":0,"k":{"i":[[-2.017,-8.865],[34.315,45.352],[0.274,10.16],[0,0]],"o":[[-12.495,26.547],[7.133,-20.76],[0,0],[0.982,8.984]],"v":[[61.075,4.823],[-61.575,1.326],[-55.245,-44.484],[50.867,-48.686]],"c":true},"ix":2},"nm":"Path 1","mn":"ADBE Vector Shape - Group","hd":false},{"ty":"fl","c":{"a":0,"k":[0.737,0.502,0.435],"ix":4},"o":{"a":0,"k":100,"ix":5},"r":1,"bm":0,"nm":"Fill 1","mn":"ADBE Vector Graphic - Fill","hd":false},{"ty":"tr","p":{"a":0,"k":[60.325,48.936],"ix":2},"a":{"a":0,"k":[0,0],"ix":1},"s":{"a":0,"k":[100,100],"ix":3},"r":{"a":0,"k":0,"ix":6},"o":{"a":0,"k":100,"ix":7},"sk":{"a":0,"k":0,"ix":4},"sa":{"a":0,"k":0,"ix":5},"nm":"Transform"}],"nm":"Group 1","np":2,"cix":2,"bm":0,"ix":1,"mn":"ADBE Vector Group","hd":false}],"ip":0,"op":234.964809570312,"st":0,"bm":0},{"ddd":0,"ind":8,"ty":4,"nm":"Neck ss","parent":3,"tt":1,"sr":1,"ks":{"o":{"a":0,"k":100,"ix":11},"r":{"a":0,"k":0,"ix":10},"p":{"a":0,"k":[145.485,245.556,0],"ix":2,"l":2},"a":{"a":0,"k":[0,0,0],"ix":1,"l":2},"s":{"a":0,"k":[100,100,100],"ix":6,"l":2}},"ao":0,"shapes":[{"ty":"gr","it":[{"ind":0,"ty":"sh","ix":1,"ks":{"a":0,"k":{"i":[[0,0],[-43.5,0],[0,0]],"o":[[0,0],[43.5,0],[0,0]],"v":[[-75,71.5],[3.5,159.5],[77,73.5]],"c":true},"ix":2},"nm":"Path 1","mn":"ADBE Vector Shape - Group","hd":false},{"ty":"st","c":{"a":0,"k":[0.329,0.635,0.949],"ix":3},"o":{"a":0,"k":100,"ix":4},"w":{"a":0,"k":0,"ix":5},"lc":1,"lj":1,"ml":4,"bm":0,"nm":"Stroke 1","mn":"ADBE Vector Graphic - Stroke","hd":false},{"ty":"gf","o":{"a":0,"k":100,"ix":10},"r":1,"bm":0,"g":{"p":3,"k":{"a":0,"k":[0,1,0.89,0.69,0.5,1,0.945,0.845,1,1,1,1],"ix":9}},"s":{"a":0,"k":[0,0],"ix":5},"e":{"a":0,"k":[2.828,161.002],"ix":6},"t":1,"nm":"Gradient Fill 1","mn":"ADBE Vector Graphic - G-Fill","hd":false},{"ty":"tr","p":{"a":0,"k":[0,0],"ix":2},"a":{"a":0,"k":[0,0],"ix":1},"s":{"a":0,"k":[100,100],"ix":3},"r":{"a":0,"k":0,"ix":6},"o":{"a":0,"k":100,"ix":7},"sk":{"a":0,"k":0,"ix":4},"sa":{"a":0,"k":0,"ix":5},"nm":"Transform"}],"nm":"Shape 1","np":3,"cix":2,"bm":0,"ix":1,"mn":"ADBE Vector Group","hd":false}],"ip":0,"op":234.964809570312,"st":0,"bm":0},{"ddd":0,"ind":9,"ty":4,"nm":"Shape Layer 3","td":1,"sr":1,"ks":{"o":{"a":0,"k":100,"ix":11},"r":{"a":0,"k":0,"ix":10},"p":{"a":0,"k":[520,480,0],"ix":2,"l":2},"a":{"a":0,"k":[0,0,0],"ix":1,"l":2},"s":{"a":0,"k":[90.805,90.805,100],"ix":6,"l":2}},"ao":0,"shapes":[{"ty":"gr","it":[{"d":1,"ty":"el","s":{"a":0,"k":[552,552],"ix":2},"p":{"a":0,"k":[0,0],"ix":3},"nm":"Ellipse Path 1","mn":"ADBE Vector Shape - Ellipse","hd":false},{"ty":"st","c":{"a":0,"k":[0.329,0.635,0.949],"ix":3},"o":{"a":0,"k":100,"ix":4},"w":{"a":0,"k":0,"ix":5},"lc":1,"lj":1,"ml":4,"bm":0,"nm":"Stroke 1","mn":"ADBE Vector Graphic - Stroke","hd":false},{"ty":"fl","c":{"a":0,"k":[0.082,0.671,0.729],"ix":4},"o":{"a":0,"k":100,"ix":5},"r":1,"bm":0,"nm":"Fill 1","mn":"ADBE Vector Graphic - Fill","hd":false},{"ty":"tr","p":{"a":0,"k":[-14,102],"ix":2},"a":{"a":0,"k":[0,0],"ix":1},"s":{"a":0,"k":[100,100],"ix":3},"r":{"a":0,"k":0,"ix":6},"o":{"a":0,"k":100,"ix":7},"sk":{"a":0,"k":0,"ix":4},"sa":{"a":0,"k":0,"ix":5},"nm":"Transform"}],"nm":"Ellipse 1","np":3,"cix":2,"bm":0,"ix":1,"mn":"ADBE Vector Group","hd":false}],"ip":0,"op":234.964809570312,"st":0,"bm":0},{"ddd":0,"ind":10,"ty":4,"nm":"Body","tt":1,"sr":1,"ks":{"o":{"a":0,"k":100,"ix":11},"r":{"a":0,"k":0,"ix":10},"p":{"a":0,"k":[500.449,703.542,0],"ix":2,"l":2},"a":{"a":0,"k":[287.57,124.939,0],"ix":1,"l":2},"s":{"a":0,"k":[100,100,100],"ix":6,"l":2}},"ao":0,"shapes":[{"ty":"gr","it":[{"ind":0,"ty":"sh","ix":1,"ks":{"a":0,"k":{"i":[[0,0],[51.784,0],[0,0],[-2.432,11.513],[0,0],[0.274,10.159],[0,0],[-1.803,-10.643]],"o":[[0,0],[-60.399,0],[5.248,-13.911],[0,0],[4.476,-21.091],[0,0],[0.983,8.984],[4.798,28.255]],"v":[[68.836,25.841],[5.78,61.262],[-68.836,29.062],[-57.548,-9.242],[-57.533,-9.242],[-52.703,-57.059],[53.409,-61.262],[57.789,-31.057]],"c":true},"ix":2},"nm":"Path 1","mn":"ADBE Vector Shape - Group","hd":false},{"ty":"fl","c":{"a":0,"k":[1,1,1],"ix":4},"o":{"a":0,"k":100,"ix":5},"r":1,"bm":0,"nm":"Fill 1","mn":"ADBE Vector Graphic - Fill","hd":false},{"ty":"tr","p":{"a":0,"k":[283.519,61.512],"ix":2},"a":{"a":0,"k":[0,0],"ix":1},"s":{"a":0,"k":[100,100],"ix":3},"r":{"a":0,"k":0,"ix":6},"o":{"a":0,"k":100,"ix":7},"sk":{"a":0,"k":0,"ix":4},"sa":{"a":0,"k":0,"ix":5},"nm":"Transform"}],"nm":"Group 2","np":2,"cix":2,"bm":0,"ix":1,"mn":"ADBE Vector Group","hd":false},{"ty":"gr","it":[{"ind":0,"ty":"sh","ix":1,"ks":{"a":0,"k":{"i":[[-0.6,-0.3],[0,0],[0.18,-0.42],[1.969,-4.49],[8.259,-18.83],[2.551,-5.81],[2.79,-6.34],[8.16,-18.421],[0,0],[11.23,18.98],[3.45,5.86],[3.24,5.52],[7.08,12.36],[2.6,4.76],[3.04,5.98],[-1.13,0.6],[-1.95,1.02],[-0.6,0.32],[-0.48,0.25],[-1.7,0.9],[-1.15,0.6],[-1.46,0.77],[-0.36,0.18],[-0.431,0.22],[-0.25,0.13],[-0.02,0.01],[0,0],[0,0],[-40.65,9.77],[-0.05,0.01],[-0.339,-0.18],[-0.611,-0.31],[-4.56,-2.33],[-0.42,-0.21],[-0.41,-0.21],[-0.481,-0.25],[-1.84,-0.94],[-0.481,-0.25],[-1.03,-0.53]],"o":[[0,0],[-0.189,0.42],[-1.96,4.49],[-8.221,18.84],[-2.54,5.81],[-2.779,6.341],[-8.101,18.45],[0,0],[-11.08,-19.081],[-3.47,-5.85],[-3.25,-5.5],[-7.22,-12.29],[-2.69,-4.71],[-3.23,-5.89],[1.19,-0.62],[2.15,-1.13],[0.63,-0.34],[0.5,-0.26],[1.96,-1.04],[1.33,-0.7],[2.131,-1.14],[0.42,-0.22],[0.59,-0.32],[0.429,-0.23],[0.021,-0.02],[0.28,-0.15],[0,0],[40.81,9.14],[0.05,-0.01],[0,0],[0.321,0.16],[1.969,1.02],[0.4,0.21],[0.389,0.2],[0.46,0.23],[1.639,0.83],[0.47,0.24],[0.979,0.49],[0.581,0.3]],"v":[[93.63,-74.566],[93.63,-74.555],[93.08,-73.305],[87.191,-59.825],[62.481,-3.325],[54.84,14.115],[46.481,33.145],[22.09,88.455],[-1.12,88.455],[-34.66,31.415],[-45.04,13.865],[-54.78,-2.665],[-76.26,-39.645],[-84.21,-53.855],[-93.63,-71.665],[-90.15,-73.495],[-83.99,-76.735],[-82.14,-77.715],[-80.67,-78.485],[-75.17,-81.395],[-71.44,-83.355],[-66.04,-86.225],[-64.88,-86.835],[-63.349,-87.645],[-62.33,-88.186],[-62.26,-88.225],[-61.83,-88.455],[-57.44,-87.475],[66.37,-88.425],[66.51,-88.455],[67.03,-88.186],[68.441,-87.465],[78.38,-82.365],[79.601,-81.735],[80.79,-81.126],[82.191,-80.406],[87.41,-77.735],[88.851,-76.995],[91.86,-75.465]],"c":true},"ix":2},"nm":"Path 1","mn":"ADBE Vector Shape - Group","hd":false},{"ty":"fl","c":{"a":0,"k":[1,1,1],"ix":4},"o":{"a":0,"k":100,"ix":5},"r":1,"bm":0,"nm":"Fill 1","mn":"ADBE Vector Graphic - Fill","hd":false},{"ty":"tr","p":{"a":0,"k":[282.92,161.172],"ix":2},"a":{"a":0,"k":[0,0],"ix":1},"s":{"a":0,"k":[100,100],"ix":3},"r":{"a":0,"k":0,"ix":6},"o":{"a":0,"k":100,"ix":7},"sk":{"a":0,"k":0,"ix":4},"sa":{"a":0,"k":0,"ix":5},"nm":"Transform"}],"nm":"Group 4","np":2,"cix":2,"bm":0,"ix":2,"mn":"ADBE Vector Group","hd":false},{"ty":"gr","it":[{"ind":0,"ty":"sh","ix":1,"ks":{"a":0,"k":{"i":[[-0.766,-4.402],[3.506,0],[0,5.74],[-5.742,0],[-1.565,-0.94]],"o":[[-1.878,2.655],[-5.742,0],[0,-5.73],[1.953,0],[1.349,5.406]],"v":[[9.437,5.993],[0.956,10.386],[-9.437,-0.006],[0.956,-10.387],[6.308,-8.908]],"c":true},"ix":2},"nm":"Path 1","mn":"ADBE Vector Shape - Group","hd":false},{"ty":"fl","c":{"a":0,"k":[0.451,0.275,0.412],"ix":4},"o":{"a":0,"k":100,"ix":5},"r":1,"bm":0,"nm":"Fill 1","mn":"ADBE Vector Graphic - Fill","hd":false},{"ty":"tr","p":{"a":0,"k":[563.397,228.469],"ix":2},"a":{"a":0,"k":[0,0],"ix":1},"s":{"a":0,"k":[100,100],"ix":3},"r":{"a":0,"k":0,"ix":6},"o":{"a":0,"k":100,"ix":7},"sk":{"a":0,"k":0,"ix":4},"sa":{"a":0,"k":0,"ix":5},"nm":"Transform"}],"nm":"Group 5","np":2,"cix":2,"bm":0,"ix":3,"mn":"ADBE Vector Group","hd":false},{"ty":"gr","it":[{"ind":0,"ty":"sh","ix":1,"ks":{"a":0,"k":{"i":[[0,-5.738],[5.739,0],[0,5.737],[-5.737,0]],"o":[[0,5.737],[-5.737,0],[0,-5.738],[5.739,0]],"v":[[10.389,0],[-0.001,10.389],[-10.389,0],[-0.001,-10.39]],"c":true},"ix":2},"nm":"Path 1","mn":"ADBE Vector Shape - Group","hd":false},{"ty":"fl","c":{"a":0,"k":[0.451,0.275,0.412],"ix":4},"o":{"a":0,"k":100,"ix":5},"r":1,"bm":0,"nm":"Fill 1","mn":"ADBE Vector Graphic - Fill","hd":false},{"ty":"tr","p":{"a":0,"k":[518.212,228.467],"ix":2},"a":{"a":0,"k":[0,0],"ix":1},"s":{"a":0,"k":[100,100],"ix":3},"r":{"a":0,"k":0,"ix":6},"o":{"a":0,"k":100,"ix":7},"sk":{"a":0,"k":0,"ix":4},"sa":{"a":0,"k":0,"ix":5},"nm":"Transform"}],"nm":"Group 6","np":2,"cix":2,"bm":0,"ix":4,"mn":"ADBE Vector Group","hd":false},{"ty":"gr","it":[{"ind":0,"ty":"sh","ix":1,"ks":{"a":0,"k":{"i":[[0,-5.738],[5.739,0],[0,5.737],[-5.737,0]],"o":[[0,5.737],[-5.737,0],[0,-5.738],[5.739,0]],"v":[[10.389,0],[-0.001,10.389],[-10.389,0],[-0.001,-10.39]],"c":true},"ix":2},"nm":"Path 1","mn":"ADBE Vector Shape - Group","hd":false},{"ty":"fl","c":{"a":0,"k":[0.451,0.275,0.412],"ix":4},"o":{"a":0,"k":100,"ix":5},"r":1,"bm":0,"nm":"Fill 1","mn":"ADBE Vector Graphic - Fill","hd":false},{"ty":"tr","p":{"a":0,"k":[472.069,228.467],"ix":2},"a":{"a":0,"k":[0,0],"ix":1},"s":{"a":0,"k":[100,100],"ix":3},"r":{"a":0,"k":0,"ix":6},"o":{"a":0,"k":100,"ix":7},"sk":{"a":0,"k":0,"ix":4},"sa":{"a":0,"k":0,"ix":5},"nm":"Transform"}],"nm":"Group 7","np":2,"cix":2,"bm":0,"ix":5,"mn":"ADBE Vector Group","hd":false},{"ty":"gr","it":[{"ind":0,"ty":"sh","ix":1,"ks":{"a":0,"k":{"i":[[0,-5.738],[5.738,0],[0,5.737],[-5.738,0]],"o":[[0,5.737],[-5.738,0],[0,-5.738],[5.738,0]],"v":[[10.389,0],[0,10.389],[-10.389,0],[0,-10.39]],"c":true},"ix":2},"nm":"Path 1","mn":"ADBE Vector Shape - Group","hd":false},{"ty":"fl","c":{"a":0,"k":[0.451,0.275,0.412],"ix":4},"o":{"a":0,"k":100,"ix":5},"r":1,"bm":0,"nm":"Fill 1","mn":"ADBE Vector Graphic - Fill","hd":false},{"ty":"tr","p":{"a":0,"k":[425.927,228.467],"ix":2},"a":{"a":0,"k":[0,0],"ix":1},"s":{"a":0,"k":[100,100],"ix":3},"r":{"a":0,"k":0,"ix":6},"o":{"a":0,"k":100,"ix":7},"sk":{"a":0,"k":0,"ix":4},"sa":{"a":0,"k":0,"ix":5},"nm":"Transform"}],"nm":"Group 8","np":2,"cix":2,"bm":0,"ix":6,"mn":"ADBE Vector Group","hd":false},{"ty":"gr","it":[{"ind":0,"ty":"sh","ix":1,"ks":{"a":0,"k":{"i":[[0,-5.738],[5.738,0],[0,5.737],[-5.738,0]],"o":[[0,5.737],[-5.738,0],[0,-5.738],[5.738,0]],"v":[[10.389,0],[0.001,10.389],[-10.388,0],[0.001,-10.39]],"c":true},"ix":2},"nm":"Path 1","mn":"ADBE Vector Shape - Group","hd":false},{"ty":"fl","c":{"a":0,"k":[0.451,0.275,0.412],"ix":4},"o":{"a":0,"k":100,"ix":5},"r":1,"bm":0,"nm":"Fill 1","mn":"ADBE Vector Graphic - Fill","hd":false},{"ty":"tr","p":{"a":0,"k":[287.499,228.467],"ix":2},"a":{"a":0,"k":[0,0],"ix":1},"s":{"a":0,"k":[100,100],"ix":3},"r":{"a":0,"k":0,"ix":6},"o":{"a":0,"k":100,"ix":7},"sk":{"a":0,"k":0,"ix":4},"sa":{"a":0,"k":0,"ix":5},"nm":"Transform"}],"nm":"Group 11","np":2,"cix":2,"bm":0,"ix":7,"mn":"ADBE Vector Group","hd":false},{"ty":"gr","it":[{"ind":0,"ty":"sh","ix":1,"ks":{"a":0,"k":{"i":[[0,-5.738],[5.738,0],[0,5.737],[-5.737,0]],"o":[[0,5.737],[-5.737,0],[0,-5.738],[5.738,0]],"v":[[10.389,0],[0,10.389],[-10.389,0],[0,-10.39]],"c":true},"ix":2},"nm":"Path 1","mn":"ADBE Vector Shape - Group","hd":false},{"ty":"fl","c":{"a":0,"k":[0.451,0.275,0.412],"ix":4},"o":{"a":0,"k":100,"ix":5},"r":1,"bm":0,"nm":"Fill 1","mn":"ADBE Vector Graphic - Fill","hd":false},{"ty":"tr","p":{"a":0,"k":[149.071,228.467],"ix":2},"a":{"a":0,"k":[0,0],"ix":1},"s":{"a":0,"k":[100,100],"ix":3},"r":{"a":0,"k":0,"ix":6},"o":{"a":0,"k":100,"ix":7},"sk":{"a":0,"k":0,"ix":4},"sa":{"a":0,"k":0,"ix":5},"nm":"Transform"}],"nm":"Group 14","np":2,"cix":2,"bm":0,"ix":8,"mn":"ADBE Vector Group","hd":false},{"ty":"gr","it":[{"ind":0,"ty":"sh","ix":1,"ks":{"a":0,"k":{"i":[[0,-5.738],[5.738,0],[0,5.737],[-5.737,0]],"o":[[0,5.737],[-5.737,0],[0,-5.738],[5.738,0]],"v":[[10.389,0],[0,10.389],[-10.389,0],[0,-10.39]],"c":true},"ix":2},"nm":"Path 1","mn":"ADBE Vector Shape - Group","hd":false},{"ty":"fl","c":{"a":0,"k":[0.451,0.275,0.412],"ix":4},"o":{"a":0,"k":100,"ix":5},"r":1,"bm":0,"nm":"Fill 1","mn":"ADBE Vector Graphic - Fill","hd":false},{"ty":"tr","p":{"a":0,"k":[102.928,228.467],"ix":2},"a":{"a":0,"k":[0,0],"ix":1},"s":{"a":0,"k":[100,100],"ix":3},"r":{"a":0,"k":0,"ix":6},"o":{"a":0,"k":100,"ix":7},"sk":{"a":0,"k":0,"ix":4},"sa":{"a":0,"k":0,"ix":5},"nm":"Transform"}],"nm":"Group 15","np":2,"cix":2,"bm":0,"ix":9,"mn":"ADBE Vector Group","hd":false},{"ty":"gr","it":[{"ind":0,"ty":"sh","ix":1,"ks":{"a":0,"k":{"i":[[0,-5.738],[5.738,0],[0,5.737],[-5.738,0]],"o":[[0,5.737],[-5.738,0],[0,-5.738],[5.738,0]],"v":[[10.389,0],[0,10.389],[-10.389,0],[0,-10.39]],"c":true},"ix":2},"nm":"Path 1","mn":"ADBE Vector Shape - Group","hd":false},{"ty":"fl","c":{"a":0,"k":[0.451,0.275,0.412],"ix":4},"o":{"a":0,"k":100,"ix":5},"r":1,"bm":0,"nm":"Fill 1","mn":"ADBE Vector Graphic - Fill","hd":false},{"ty":"tr","p":{"a":0,"k":[56.786,228.467],"ix":2},"a":{"a":0,"k":[0,0],"ix":1},"s":{"a":0,"k":[100,100],"ix":3},"r":{"a":0,"k":0,"ix":6},"o":{"a":0,"k":100,"ix":7},"sk":{"a":0,"k":0,"ix":4},"sa":{"a":0,"k":0,"ix":5},"nm":"Transform"}],"nm":"Group 16","np":2,"cix":2,"bm":0,"ix":10,"mn":"ADBE Vector Group","hd":false},{"ty":"gr","it":[{"ind":0,"ty":"sh","ix":1,"ks":{"a":0,"k":{"i":[[0,-5.73],[5.73,0],[1.899,2.557],[-1.37,5.515],[-1.889,0]],"o":[[0,5.74],[-3.432,0],[0.777,-4.467],[1.522,-0.874],[5.73,0]],"v":[[9.372,-0.006],[-1.009,10.387],[-9.372,6.167],[-6.189,-9.006],[-1.009,-10.387]],"c":true},"ix":2},"nm":"Path 1","mn":"ADBE Vector Shape - Group","hd":false},{"ty":"fl","c":{"a":0,"k":[0.451,0.275,0.412],"ix":4},"o":{"a":0,"k":100,"ix":5},"r":1,"bm":0,"nm":"Fill 1","mn":"ADBE Vector Graphic - Fill","hd":false},{"ty":"tr","p":{"a":0,"k":[11.655,228.469],"ix":2},"a":{"a":0,"k":[0,0],"ix":1},"s":{"a":0,"k":[100,100],"ix":3},"r":{"a":0,"k":0,"ix":6},"o":{"a":0,"k":100,"ix":7},"sk":{"a":0,"k":0,"ix":4},"sa":{"a":0,"k":0,"ix":5},"nm":"Transform"}],"nm":"Group 17","np":2,"cix":2,"bm":0,"ix":11,"mn":"ADBE Vector Group","hd":false},{"ty":"gr","it":[{"ind":0,"ty":"sh","ix":1,"ks":{"a":0,"k":{"i":[[-2.028,-4.587],[0,4.727],[-0.292,0.96]],"o":[[-4.316,-1.263],[0,-1.068],[2.655,4.024]],"v":[[3.734,6.512],[-3.734,-3.459],[-3.28,-6.512]],"c":true},"ix":2},"nm":"Path 1","mn":"ADBE Vector Shape - Group","hd":false},{"ty":"fl","c":{"a":0,"k":[0.451,0.275,0.412],"ix":4},"o":{"a":0,"k":100,"ix":5},"r":1,"bm":0,"nm":"Fill 1","mn":"ADBE Vector Graphic - Fill","hd":false},{"ty":"tr","p":{"a":0,"k":[557.694,188.283],"ix":2},"a":{"a":0,"k":[0,0],"ix":1},"s":{"a":0,"k":[100,100],"ix":3},"r":{"a":0,"k":0,"ix":6},"o":{"a":0,"k":100,"ix":7},"sk":{"a":0,"k":0,"ix":4},"sa":{"a":0,"k":0,"ix":5},"nm":"Transform"}],"nm":"Group 18","np":2,"cix":2,"bm":0,"ix":12,"mn":"ADBE Vector Group","hd":false},{"ty":"gr","it":[{"ind":0,"ty":"sh","ix":1,"ks":{"a":0,"k":{"i":[[0,-5.738],[5.739,0],[0,5.737],[-5.737,0]],"o":[[0,5.737],[-5.737,0],[0,-5.738],[5.739,0]],"v":[[10.389,0],[-0.001,10.389],[-10.389,0],[-0.001,-10.39]],"c":true},"ix":2},"nm":"Path 1","mn":"ADBE Vector Shape - Group","hd":false},{"ty":"fl","c":{"a":0,"k":[0.451,0.275,0.412],"ix":4},"o":{"a":0,"k":100,"ix":5},"r":1,"bm":0,"nm":"Fill 1","mn":"ADBE Vector Graphic - Fill","hd":false},{"ty":"tr","p":{"a":0,"k":[518.212,184.823],"ix":2},"a":{"a":0,"k":[0,0],"ix":1},"s":{"a":0,"k":[100,100],"ix":3},"r":{"a":0,"k":0,"ix":6},"o":{"a":0,"k":100,"ix":7},"sk":{"a":0,"k":0,"ix":4},"sa":{"a":0,"k":0,"ix":5},"nm":"Transform"}],"nm":"Group 19","np":2,"cix":2,"bm":0,"ix":13,"mn":"ADBE Vector Group","hd":false},{"ty":"gr","it":[{"ind":0,"ty":"sh","ix":1,"ks":{"a":0,"k":{"i":[[0,-5.738],[5.739,0],[0,5.737],[-5.737,0]],"o":[[0,5.737],[-5.737,0],[0,-5.738],[5.739,0]],"v":[[10.389,0],[-0.001,10.389],[-10.389,0],[-0.001,-10.39]],"c":true},"ix":2},"nm":"Path 1","mn":"ADBE Vector Shape - Group","hd":false},{"ty":"fl","c":{"a":0,"k":[0.451,0.275,0.412],"ix":4},"o":{"a":0,"k":100,"ix":5},"r":1,"bm":0,"nm":"Fill 1","mn":"ADBE Vector Graphic - Fill","hd":false},{"ty":"tr","p":{"a":0,"k":[472.069,184.823],"ix":2},"a":{"a":0,"k":[0,0],"ix":1},"s":{"a":0,"k":[100,100],"ix":3},"r":{"a":0,"k":0,"ix":6},"o":{"a":0,"k":100,"ix":7},"sk":{"a":0,"k":0,"ix":4},"sa":{"a":0,"k":0,"ix":5},"nm":"Transform"}],"nm":"Group 20","np":2,"cix":2,"bm":0,"ix":14,"mn":"ADBE Vector Group","hd":false},{"ty":"gr","it":[{"ind":0,"ty":"sh","ix":1,"ks":{"a":0,"k":{"i":[[0,-5.738],[5.738,0],[0,5.737],[-5.738,0]],"o":[[0,5.737],[-5.738,0],[0,-5.738],[5.738,0]],"v":[[10.389,0],[0.001,10.389],[-10.388,0],[0.001,-10.39]],"c":true},"ix":2},"nm":"Path 1","mn":"ADBE Vector Shape - Group","hd":false},{"ty":"fl","c":{"a":0,"k":[0.451,0.275,0.412],"ix":4},"o":{"a":0,"k":100,"ix":5},"r":1,"bm":0,"nm":"Fill 1","mn":"ADBE Vector Graphic - Fill","hd":false},{"ty":"tr","p":{"a":0,"k":[287.499,184.823],"ix":2},"a":{"a":0,"k":[0,0],"ix":1},"s":{"a":0,"k":[100,100],"ix":3},"r":{"a":0,"k":0,"ix":6},"o":{"a":0,"k":100,"ix":7},"sk":{"a":0,"k":0,"ix":4},"sa":{"a":0,"k":0,"ix":5},"nm":"Transform"}],"nm":"Group 24","np":2,"cix":2,"bm":0,"ix":15,"mn":"ADBE Vector Group","hd":false},{"ty":"gr","it":[{"ind":0,"ty":"sh","ix":1,"ks":{"a":0,"k":{"i":[[0,-5.738],[5.738,0],[0,5.737],[-5.737,0]],"o":[[0,5.737],[-5.737,0],[0,-5.738],[5.738,0]],"v":[[10.389,0],[0,10.389],[-10.389,0],[0,-10.39]],"c":true},"ix":2},"nm":"Path 1","mn":"ADBE Vector Shape - Group","hd":false},{"ty":"fl","c":{"a":0,"k":[0.451,0.275,0.412],"ix":4},"o":{"a":0,"k":100,"ix":5},"r":1,"bm":0,"nm":"Fill 1","mn":"ADBE Vector Graphic - Fill","hd":false},{"ty":"tr","p":{"a":0,"k":[102.928,184.823],"ix":2},"a":{"a":0,"k":[0,0],"ix":1},"s":{"a":0,"k":[100,100],"ix":3},"r":{"a":0,"k":0,"ix":6},"o":{"a":0,"k":100,"ix":7},"sk":{"a":0,"k":0,"ix":4},"sa":{"a":0,"k":0,"ix":5},"nm":"Transform"}],"nm":"Group 28","np":2,"cix":2,"bm":0,"ix":16,"mn":"ADBE Vector Group","hd":false},{"ty":"gr","it":[{"ind":0,"ty":"sh","ix":1,"ks":{"a":0,"k":{"i":[[0,-5.738],[5.738,0],[0,5.737],[-5.738,0]],"o":[[0,5.737],[-5.738,0],[0,-5.738],[5.738,0]],"v":[[10.389,0],[0,10.389],[-10.389,0],[0,-10.39]],"c":true},"ix":2},"nm":"Path 1","mn":"ADBE Vector Shape - Group","hd":false},{"ty":"fl","c":{"a":0,"k":[0.451,0.275,0.412],"ix":4},"o":{"a":0,"k":100,"ix":5},"r":1,"bm":0,"nm":"Fill 1","mn":"ADBE Vector Graphic - Fill","hd":false},{"ty":"tr","p":{"a":0,"k":[56.786,184.823],"ix":2},"a":{"a":0,"k":[0,0],"ix":1},"s":{"a":0,"k":[100,100],"ix":3},"r":{"a":0,"k":0,"ix":6},"o":{"a":0,"k":100,"ix":7},"sk":{"a":0,"k":0,"ix":4},"sa":{"a":0,"k":0,"ix":5},"nm":"Transform"}],"nm":"Group 29","np":2,"cix":2,"bm":0,"ix":17,"mn":"ADBE Vector Group","hd":false},{"ty":"gr","it":[{"ind":0,"ty":"sh","ix":1,"ks":{"a":0,"k":{"i":[[0,-1.004],[4.22,-1.328],[-2.612,3.972]],"o":[[0,4.661],[1.996,-4.5],[0.259,0.918]],"v":[[3.642,-3.523],[-3.642,6.405],[3.243,-6.405]],"c":true},"ix":2},"nm":"Path 1","mn":"ADBE Vector Shape - Group","hd":false},{"ty":"fl","c":{"a":0,"k":[0.451,0.275,0.412],"ix":4},"o":{"a":0,"k":100,"ix":5},"r":1,"bm":0,"nm":"Fill 1","mn":"ADBE Vector Graphic - Fill","hd":false},{"ty":"tr","p":{"a":0,"k":[17.385,188.348],"ix":2},"a":{"a":0,"k":[0,0],"ix":1},"s":{"a":0,"k":[100,100],"ix":3},"r":{"a":0,"k":0,"ix":6},"o":{"a":0,"k":100,"ix":7},"sk":{"a":0,"k":0,"ix":4},"sa":{"a":0,"k":0,"ix":5},"nm":"Transform"}],"nm":"Group 30","np":2,"cix":2,"bm":0,"ix":18,"mn":"ADBE Vector Group","hd":false},{"ty":"gr","it":[{"ind":0,"ty":"sh","ix":1,"ks":{"a":0,"k":{"i":[[0,-5.738],[5.739,0],[0,5.737],[-5.737,0]],"o":[[0,5.737],[-5.737,0],[0,-5.738],[5.739,0]],"v":[[10.389,0],[-0.001,10.389],[-10.389,0],[-0.001,-10.389]],"c":true},"ix":2},"nm":"Path 1","mn":"ADBE Vector Shape - Group","hd":false},{"ty":"fl","c":{"a":0,"k":[0.451,0.275,0.412],"ix":4},"o":{"a":0,"k":100,"ix":5},"r":1,"bm":0,"nm":"Fill 1","mn":"ADBE Vector Graphic - Fill","hd":false},{"ty":"tr","p":{"a":0,"k":[333.642,141.18],"ix":2},"a":{"a":0,"k":[0,0],"ix":1},"s":{"a":0,"k":[100,100],"ix":3},"r":{"a":0,"k":0,"ix":6},"o":{"a":0,"k":100,"ix":7},"sk":{"a":0,"k":0,"ix":4},"sa":{"a":0,"k":0,"ix":5},"nm":"Transform"}],"nm":"Group 34","np":2,"cix":2,"bm":0,"ix":19,"mn":"ADBE Vector Group","hd":false},{"ty":"gr","it":[{"ind":0,"ty":"sh","ix":1,"ks":{"a":0,"k":{"i":[[0,-5.738],[5.738,0],[0,5.737],[-5.738,0]],"o":[[0,5.737],[-5.738,0],[0,-5.738],[5.738,0]],"v":[[10.389,0],[0.001,10.389],[-10.388,0],[0.001,-10.389]],"c":true},"ix":2},"nm":"Path 1","mn":"ADBE Vector Shape - Group","hd":false},{"ty":"fl","c":{"a":0,"k":[0.451,0.275,0.412],"ix":4},"o":{"a":0,"k":100,"ix":5},"r":1,"bm":0,"nm":"Fill 1","mn":"ADBE Vector Graphic - Fill","hd":false},{"ty":"tr","p":{"a":0,"k":[287.499,141.18],"ix":2},"a":{"a":0,"k":[0,0],"ix":1},"s":{"a":0,"k":[100,100],"ix":3},"r":{"a":0,"k":0,"ix":6},"o":{"a":0,"k":100,"ix":7},"sk":{"a":0,"k":0,"ix":4},"sa":{"a":0,"k":0,"ix":5},"nm":"Transform"}],"nm":"Group 35","np":2,"cix":2,"bm":0,"ix":20,"mn":"ADBE Vector Group","hd":false},{"ty":"gr","it":[{"ind":0,"ty":"sh","ix":1,"ks":{"a":0,"k":{"i":[[0,-5.738],[5.738,0],[0,5.737],[-5.737,0]],"o":[[0,5.737],[-5.737,0],[0,-5.738],[5.738,0]],"v":[[10.389,0],[0,10.389],[-10.389,0],[0,-10.389]],"c":true},"ix":2},"nm":"Path 1","mn":"ADBE Vector Shape - Group","hd":false},{"ty":"fl","c":{"a":0,"k":[0.451,0.275,0.412],"ix":4},"o":{"a":0,"k":100,"ix":5},"r":1,"bm":0,"nm":"Fill 1","mn":"ADBE Vector Graphic - Fill","hd":false},{"ty":"tr","p":{"a":0,"k":[241.356,141.18],"ix":2},"a":{"a":0,"k":[0,0],"ix":1},"s":{"a":0,"k":[100,100],"ix":3},"r":{"a":0,"k":0,"ix":6},"o":{"a":0,"k":100,"ix":7},"sk":{"a":0,"k":0,"ix":4},"sa":{"a":0,"k":0,"ix":5},"nm":"Transform"}],"nm":"Group 36","np":2,"cix":2,"bm":0,"ix":21,"mn":"ADBE Vector Group","hd":false},{"ty":"gr","it":[{"ind":0,"ty":"sh","ix":1,"ks":{"a":0,"k":{"i":[[0,-5.737],[5.739,0],[0,5.737],[-5.737,0]],"o":[[0,5.737],[-5.737,0],[0,-5.737],[5.739,0]],"v":[[10.389,0],[-0.001,10.389],[-10.389,0],[-0.001,-10.389]],"c":true},"ix":2},"nm":"Path 1","mn":"ADBE Vector Shape - Group","hd":false},{"ty":"fl","c":{"a":0,"k":[0.451,0.275,0.412],"ix":4},"o":{"a":0,"k":100,"ix":5},"r":1,"bm":0,"nm":"Fill 1","mn":"ADBE Vector Graphic - Fill","hd":false},{"ty":"tr","p":{"a":0,"k":[333.642,97.536],"ix":2},"a":{"a":0,"k":[0,0],"ix":1},"s":{"a":0,"k":[100,100],"ix":3},"r":{"a":0,"k":0,"ix":6},"o":{"a":0,"k":100,"ix":7},"sk":{"a":0,"k":0,"ix":4},"sa":{"a":0,"k":0,"ix":5},"nm":"Transform"}],"nm":"Group 41","np":2,"cix":2,"bm":0,"ix":22,"mn":"ADBE Vector Group","hd":false},{"ty":"gr","it":[{"ind":0,"ty":"sh","ix":1,"ks":{"a":0,"k":{"i":[[0,-5.737],[5.738,0],[0,5.737],[-5.738,0]],"o":[[0,5.737],[-5.738,0],[0,-5.737],[5.738,0]],"v":[[10.389,0],[0.001,10.389],[-10.388,0],[0.001,-10.389]],"c":true},"ix":2},"nm":"Path 1","mn":"ADBE Vector Shape - Group","hd":false},{"ty":"fl","c":{"a":0,"k":[0.451,0.275,0.412],"ix":4},"o":{"a":0,"k":100,"ix":5},"r":1,"bm":0,"nm":"Fill 1","mn":"ADBE Vector Graphic - Fill","hd":false},{"ty":"tr","p":{"a":0,"k":[287.499,97.536],"ix":2},"a":{"a":0,"k":[0,0],"ix":1},"s":{"a":0,"k":[100,100],"ix":3},"r":{"a":0,"k":0,"ix":6},"o":{"a":0,"k":100,"ix":7},"sk":{"a":0,"k":0,"ix":4},"sa":{"a":0,"k":0,"ix":5},"nm":"Transform"}],"nm":"Group 42","np":2,"cix":2,"bm":0,"ix":23,"mn":"ADBE Vector Group","hd":false},{"ty":"gr","it":[{"ind":0,"ty":"sh","ix":1,"ks":{"a":0,"k":{"i":[[0,-5.737],[5.738,0],[0,5.737],[-5.737,0]],"o":[[0,5.737],[-5.737,0],[0,-5.737],[5.738,0]],"v":[[10.389,0],[0,10.389],[-10.389,0],[0,-10.389]],"c":true},"ix":2},"nm":"Path 1","mn":"ADBE Vector Shape - Group","hd":false},{"ty":"fl","c":{"a":0,"k":[0.451,0.275,0.412],"ix":4},"o":{"a":0,"k":100,"ix":5},"r":1,"bm":0,"nm":"Fill 1","mn":"ADBE Vector Graphic - Fill","hd":false},{"ty":"tr","p":{"a":0,"k":[241.356,97.536],"ix":2},"a":{"a":0,"k":[0,0],"ix":1},"s":{"a":0,"k":[100,100],"ix":3},"r":{"a":0,"k":0,"ix":6},"o":{"a":0,"k":100,"ix":7},"sk":{"a":0,"k":0,"ix":4},"sa":{"a":0,"k":0,"ix":5},"nm":"Transform"}],"nm":"Group 43","np":2,"cix":2,"bm":0,"ix":24,"mn":"ADBE Vector Group","hd":false},{"ty":"gr","it":[{"ind":0,"ty":"sh","ix":1,"ks":{"a":0,"k":{"i":[[0,0],[0,0],[-1.54,8.929],[-1.371,5.51],[-3.601,8.099],[-2.61,3.97],[-8.221,3.29],[-2.77,1.24],[-10.31,5.05],[-2.09,1.029],[-0.009,0.009],[-4.221,2.12],[-5.04,2.55],[-20.929,10.96],[-3.04,1.6],[0,0],[-0.509,0.269],[-1.13,0.599],[-0.25,0.13],[0,0],[-1.721,0.91],[-0.6,0.32],[-0.48,0.25],[-1.699,0.901],[-1.15,0.6],[-1.46,0.771],[-0.35,0.189],[-0.431,0.22],[-0.25,0.13],[-0.021,0.01],[0,0],[0,0],[-40.65,9.771],[-0.05,0.01],[-0.34,-0.179],[-0.611,-0.309],[-4.559,-2.33],[-0.42,-0.21],[-0.41,-0.2],[-0.481,-0.25],[-1.839,-0.941],[-0.481,-0.25],[-1.031,-0.529],[-0.599,-0.299],[0,0],[-0.47,-0.24],[-2.689,-1.37],[-1.181,-0.589],[0,0],[-14.189,-7.151],[-12.451,-6.159],[-5.021,-2.45],[-10.79,-4.759],[-2.04,-0.82],[-5.26,-7.97],[-2.029,-4.591],[-1.981,-7.97],[-0.759,-4.41]],"o":[[0,0],[0,0],[0.779,-4.471],[1.98,-7.971],[2,-4.5],[5.271,-8.059],[2.049,-0.82],[6.93,-3.1],[1.991,-0.99],[0.01,-0.021],[3.96,-1.96],[4.819,-2.41],[23.989,-12.189],[3.301,-1.729],[0,0],[0.52,-0.269],[1.19,-0.62],[0.261,-0.13],[0.009,-0.01],[1.869,-0.979],[0.629,-0.34],[0.5,-0.26],[1.96,-1.04],[1.33,-0.7],[2.131,-1.139],[0.421,-0.219],[0.59,-0.32],[0.429,-0.229],[0.021,-0.019],[0.279,-0.149],[0,0],[40.81,9.141],[0.05,-0.01],[0,0],[0.32,0.17],[1.969,1.021],[0.401,0.21],[0.39,0.2],[0.46,0.229],[1.639,0.83],[0.47,0.24],[0.979,0.489],[0.58,0.301],[0,0],[0.45,0.231],[2.471,1.26],[1.141,0.58],[0,0.01],[11.889,6.061],[12.57,6.33],[5.269,2.61],[18.04,8.83],[2.781,1.231],[8.16,3.271],[2.66,4.03],[3.61,8.119],[1.349,5.41],[1.571,9.029]],"v":[[287.32,88.455],[-287.32,88.455],[-285.289,73.465],[-282.099,58.295],[-273.829,33.585],[-266.94,20.774],[-246.849,2.894],[-239.599,-0.195],[-213.32,-12.646],[-207.19,-15.665],[-207.15,-15.695],[-194.869,-21.825],[-180.039,-29.306],[-109.34,-65.856],[-99.829,-70.856],[-99.82,-70.856],[-98.28,-71.665],[-94.8,-73.495],[-94.039,-73.886],[-94.019,-73.896],[-88.639,-76.735],[-86.789,-77.716],[-85.32,-78.485],[-79.82,-81.396],[-76.09,-83.356],[-70.69,-86.226],[-69.53,-86.835],[-67.999,-87.646],[-66.98,-88.186],[-66.909,-88.226],[-66.48,-88.455],[-62.09,-87.476],[61.72,-88.426],[61.86,-88.455],[62.381,-88.186],[63.791,-87.466],[73.73,-82.365],[74.951,-81.735],[76.14,-81.125],[77.541,-80.405],[82.76,-77.735],[84.201,-76.995],[87.211,-75.466],[88.98,-74.566],[88.98,-74.556],[90.36,-73.856],[98.11,-69.905],[101.581,-68.146],[101.591,-68.136],[141.36,-47.985],[179.341,-29.006],[194.791,-21.396],[239.6,-0.186],[246.86,2.894],[266.841,20.595],[273.86,33.625],[282.131,58.385],[285.26,73.295]],"c":true},"ix":2},"nm":"Path 1","mn":"ADBE Vector Shape - Group","hd":false},{"ty":"fl","c":{"a":0,"k":[0,0,0],"ix":4},"o":{"a":0,"k":100,"ix":5},"r":1,"bm":0,"nm":"Fill 1","mn":"ADBE Vector Graphic - Fill","hd":false},{"ty":"tr","p":{"a":0,"k":[287.57,161.172],"ix":2},"a":{"a":0,"k":[0,0],"ix":1},"s":{"a":0,"k":[100,100],"ix":3},"r":{"a":0,"k":0,"ix":6},"o":{"a":0,"k":100,"ix":7},"sk":{"a":0,"k":0,"ix":4},"sa":{"a":0,"k":0,"ix":5},"nm":"Transform"}],"nm":"Group 45","np":2,"cix":2,"bm":0,"ix":25,"mn":"ADBE Vector Group","hd":false}],"ip":0,"op":234.964809570312,"st":0,"bm":0},{"ddd":0,"ind":11,"ty":4,"nm":"Back hair","sr":1,"ks":{"o":{"a":0,"k":100,"ix":11},"r":{"a":0,"k":0,"ix":10},"p":{"a":1,"k":[{"i":{"x":0.2,"y":1},"o":{"x":0.8,"y":0},"t":0,"s":[507.637,401.688,0],"to":[-3,0,0],"ti":[-1.667,-2.667,0]},{"i":{"x":0.2,"y":1},"o":{"x":0.8,"y":0},"t":35.225,"s":[489.637,401.688,0],"to":[1.667,2.667,0],"ti":[-3,3.667,0]},{"i":{"x":0.2,"y":1},"o":{"x":0.8,"y":0},"t":72.051,"s":[517.637,417.688,0],"to":[3,-3.667,0],"ti":[4.5,2.667,0]},{"i":{"x":0.2,"y":1},"o":{"x":0.8,"y":0},"t":105.675,"s":[507.637,379.688,0],"to":[-4.5,-2.667,0],"ti":[0,-7.167,0]},{"i":{"x":0.2,"y":1},"o":{"x":0.8,"y":0},"t":142.502,"s":[490.637,401.688,0],"to":[0,7.167,0],"ti":[-4.333,-0.833,0]},{"i":{"x":0.2,"y":1},"o":{"x":0.8,"y":0},"t":172.922,"s":[507.637,422.688,0],"to":[4.333,0.833,0],"ti":[0,3.5,0]},{"i":{"x":0.2,"y":1},"o":{"x":0.8,"y":0},"t":200.142,"s":[516.637,406.688,0],"to":[0,-3.5,0],"ti":[1.5,0.833,0]},{"t":233.766009521484,"s":[507.637,401.688,0]}],"ix":2,"x":"var $bm_rt;\nvar range, samples, on_off;\nrange = $bm_div(effect('Position - Smoothness')('ADBE Slider Control-0001'), 20);\nsamples = $bm_div(effect('Position - Blend Precision')('ADBE Slider Control-0001'), 2);\n$bm_rt = on_off = effect('Position - Blend On/Off')('ADBE Checkbox Control-0001');\nif (on_off == 1) {\n    try {\n        $bm_rt = smooth(range, samples);\n    } catch (e$$4) {\n        $bm_rt = smooth(1, 1);\n    }\n} else {\n    $bm_rt = value = value;\n}","l":2},"a":{"a":0,"k":[153.122,147.244,0],"ix":1,"l":2},"s":{"a":0,"k":[100,100,100],"ix":6,"l":2}},"ao":0,"ef":[{"ty":5,"nm":"Position - Smoothness","np":3,"mn":"ADBE Slider Control","ix":1,"en":1,"ef":[{"ty":0,"nm":"Slider","mn":"ADBE Slider Control-0001","ix":1,"v":{"a":0,"k":4,"ix":1,"x":"var $bm_rt;\n$bm_rt = clamp(value, 0, 100);"}}]},{"ty":5,"nm":"Position - Blend Precision","np":3,"mn":"ADBE Slider Control","ix":2,"en":1,"ef":[{"ty":0,"nm":"Slider","mn":"ADBE Slider Control-0001","ix":1,"v":{"a":0,"k":25,"ix":1,"x":"var $bm_rt;\n$bm_rt = clamp(value, 0, 100);"}}]},{"ty":5,"nm":"Position - Blend On/Off","np":3,"mn":"ADBE Checkbox Control","ix":3,"en":1,"ef":[{"ty":7,"nm":"Checkbox","mn":"ADBE Checkbox Control-0001","ix":1,"v":{"a":0,"k":1,"ix":1}}]},{"ty":5,"nm":"Position - Smoothness","np":3,"mn":"ADBE Slider Control","ix":4,"en":1,"ef":[{"ty":0,"nm":"Slider","mn":"ADBE Slider Control-0001","ix":1,"v":{"a":0,"k":4,"ix":1,"x":"var $bm_rt;\n$bm_rt = clamp(value, 0, 100);"}}]},{"ty":5,"nm":"Position - Blend Precision","np":3,"mn":"ADBE Slider Control","ix":5,"en":1,"ef":[{"ty":0,"nm":"Slider","mn":"ADBE Slider Control-0001","ix":1,"v":{"a":0,"k":25,"ix":1,"x":"var $bm_rt;\n$bm_rt = clamp(value, 0, 100);"}}]},{"ty":5,"nm":"Position - Blend On/Off","np":3,"mn":"ADBE Checkbox Control","ix":6,"en":1,"ef":[{"ty":7,"nm":"Checkbox","mn":"ADBE Checkbox Control-0001","ix":1,"v":{"a":0,"k":1,"ix":1}}]}],"shapes":[{"ty":"gr","it":[{"ind":0,"ty":"sh","ix":1,"ks":{"a":0,"k":{"i":[[0,-65.27],[73.344,0],[0,65.27],[-73.344,0]],"o":[[0,65.27],[-73.344,0],[0,-65.27],[73.344,0]],"v":[[132.801,0],[0,118.182],[-132.801,0],[0,-118.182]],"c":true},"ix":2},"nm":"Path 1","mn":"ADBE Vector Shape - Group","hd":false},{"ty":"fl","c":{"a":0,"k":[0,0,0],"ix":4},"o":{"a":0,"k":100,"ix":5},"r":1,"bm":0,"nm":"Fill 1","mn":"ADBE Vector Graphic - Fill","hd":false},{"ty":"tr","p":{"a":0,"k":[152.529,176.056],"ix":2},"a":{"a":0,"k":[0,0],"ix":1},"s":{"a":0,"k":[100,100],"ix":3},"r":{"a":0,"k":0,"ix":6},"o":{"a":0,"k":100,"ix":7},"sk":{"a":0,"k":0,"ix":4},"sa":{"a":0,"k":0,"ix":5},"nm":"Transform"}],"nm":"Group 1","np":2,"cix":2,"bm":0,"ix":1,"mn":"ADBE Vector Group","hd":false},{"ty":"gr","it":[{"ind":0,"ty":"sh","ix":1,"ks":{"a":0,"k":{"i":[[0,0],[0,53.834],[-79.856,-6.182],[0,0],[-7.017,1.998],[157.873,-21.881],[40.386,-27.955],[0,0]],"o":[[0,0],[0,0],[0,0],[0,0],[0,0],[0,0],[-58.461,40.466],[0,0]],"v":[[-107.899,73.575],[-4.739,-6.955],[98.841,73.575],[116.018,86.508],[132.208,77.108],[-5.001,-64.627],[-94.411,-47.66],[-129.541,81.635]],"c":true},"ix":2},"nm":"Path 1","mn":"ADBE Vector Shape - Group","hd":false},{"ty":"fl","c":{"a":0,"k":[0,0,0],"ix":4},"o":{"a":0,"k":100,"ix":5},"r":1,"bm":0,"nm":"Fill 1","mn":"ADBE Vector Graphic - Fill","hd":false},{"ty":"tr","p":{"a":0,"k":[153.122,86.758],"ix":2},"a":{"a":0,"k":[0,0],"ix":1},"s":{"a":0,"k":[100,100],"ix":3},"r":{"a":0,"k":0,"ix":6},"o":{"a":0,"k":100,"ix":7},"sk":{"a":0,"k":0,"ix":4},"sa":{"a":0,"k":0,"ix":5},"nm":"Transform"}],"nm":"Group 2","np":2,"cix":2,"bm":0,"ix":2,"mn":"ADBE Vector Group","hd":false}],"ip":0,"op":234.964809570312,"st":0,"bm":0},{"ddd":0,"ind":12,"ty":4,"nm":"Shape Layer 1","sr":1,"ks":{"o":{"a":0,"k":100,"ix":11},"r":{"a":0,"k":0,"ix":10},"p":{"a":0,"k":[520,480,0],"ix":2,"l":2},"a":{"a":0,"k":[0,0,0],"ix":1,"l":2},"s":{"a":0,"k":[90.805,90.805,100],"ix":6,"l":2}},"ao":0,"shapes":[{"ty":"gr","it":[{"d":1,"ty":"el","s":{"a":0,"k":[552,552],"ix":2},"p":{"a":0,"k":[0,0],"ix":3},"nm":"Ellipse Path 1","mn":"ADBE Vector Shape - Ellipse","hd":false},{"ty":"st","c":{"a":0,"k":[1,1,1],"ix":3},"o":{"a":0,"k":100,"ix":4},"w":{"a":0,"k":24,"ix":5},"lc":1,"lj":1,"ml":4,"bm":0,"nm":"Stroke 1","mn":"ADBE Vector Graphic - Stroke","hd":false},{"ty":"fl","c":{"a":0,"k":[0.827,0.824,0.71],"ix":4},"o":{"a":0,"k":100,"ix":5},"r":1,"bm":0,"nm":"Fill 1","mn":"ADBE Vector Graphic - Fill","hd":false},{"ty":"tr","p":{"a":0,"k":[-14,102],"ix":2},"a":{"a":0,"k":[0,0],"ix":1},"s":{"a":0,"k":[100,100],"ix":3},"r":{"a":0,"k":0,"ix":6},"o":{"a":0,"k":100,"ix":7},"sk":{"a":0,"k":0,"ix":4},"sa":{"a":0,"k":0,"ix":5},"nm":"Transform"}],"nm":"Ellipse 1","np":3,"cix":2,"bm":0,"ix":1,"mn":"ADBE Vector Group","hd":false}],"ip":0,"op":234.964809570312,"st":0,"bm":0}]},{"id":"comp_2","layers":[{"ddd":0,"ind":1,"ty":4,"nm":"Face 2","td":1,"sr":1,"ks":{"o":{"a":0,"k":100,"ix":11},"r":{"a":0,"k":0,"ix":10},"p":{"a":0,"k":[504.718,450.828,0],"ix":2,"l":2},"a":{"a":0,"k":[100.7,117.593,0],"ix":1,"l":2},"s":{"a":0,"k":[100,100,100],"ix":6,"l":2}},"ao":0,"shapes":[{"ty":"gr","it":[{"ind":0,"ty":"sh","ix":1,"ks":{"a":0,"k":{"i":[[3.95,0.002],[-7.853,-83.666],[-59.251,-1.395],[-8.819,51.014],[45.026,14.761]],"o":[[-70.34,-0.033],[4.688,49.939],[61.751,1.452],[8.07,-46.692],[-3.12,-1.022]],"v":[[13.576,-117.31],[-92.596,2.773],[-2.971,115.891],[92.379,-0.91],[31.676,-114.116]],"c":true},"ix":2},"nm":"Path 1","mn":"ADBE Vector Shape - Group","hd":false},{"ty":"fl","c":{"a":0,"k":[0.796,0.525,0.349],"ix":4},"o":{"a":0,"k":100,"ix":5},"r":1,"bm":0,"nm":"Fill 1","mn":"ADBE Vector Graphic - Fill","hd":false},{"ty":"tr","p":{"a":0,"k":[100.699,117.593],"ix":2},"a":{"a":0,"k":[0,0],"ix":1},"s":{"a":0,"k":[100,100],"ix":3},"r":{"a":0,"k":0,"ix":6},"o":{"a":0,"k":100,"ix":7},"sk":{"a":0,"k":0,"ix":4},"sa":{"a":0,"k":0,"ix":5},"nm":"Transform"}],"nm":"Group 1","np":2,"cix":2,"bm":0,"ix":1,"mn":"ADBE Vector Group","hd":false}],"ip":0,"op":256.243510437012,"st":0,"bm":0},{"ddd":0,"ind":2,"ty":4,"nm":"Front Hair","tt":1,"sr":1,"ks":{"o":{"a":0,"k":100,"ix":11},"r":{"a":0,"k":0,"ix":10},"p":{"a":1,"k":[{"i":{"x":0.27,"y":1},"o":{"x":0.73,"y":0},"t":0,"s":[510.863,361.597,0],"to":[-1.167,0,0],"ti":[-1.667,0,0]},{"i":{"x":0.27,"y":1},"o":{"x":0.73,"y":0},"t":24.88,"s":[503.863,361.597,0],"to":[1.667,0,0],"ti":[-1.167,2.667,0]},{"i":{"x":0.27,"y":1},"o":{"x":0.73,"y":0},"t":57.536,"s":[520.863,361.597,0],"to":[1.167,-2.667,0],"ti":[1.667,-3.667,0]},{"i":{"x":0.27,"y":1},"o":{"x":0.73,"y":0},"t":84.748,"s":[510.863,345.597,0],"to":[-1.667,3.667,0],"ti":[2.5,-6.333,0]},{"i":{"x":0.27,"y":1},"o":{"x":0.73,"y":0},"t":115.071,"s":[510.863,383.597,0],"to":[-2.5,6.333,0],"ti":[-2,6.333,0]},{"i":{"x":0.27,"y":1},"o":{"x":0.73,"y":0},"t":142.284,"s":[495.863,383.597,0],"to":[2,-6.333,0],"ti":[-1.333,3.667,0]},{"i":{"x":0.27,"y":1},"o":{"x":0.73,"y":0},"t":171.052,"s":[522.863,345.597,0],"to":[1.333,-3.667,0],"ti":[0.333,-2.667,0]},{"i":{"x":0.27,"y":1},"o":{"x":0.73,"y":0},"t":198.264,"s":[503.863,361.597,0],"to":[-0.333,2.667,0],"ti":[-1.167,0,0]},{"i":{"x":0.27,"y":1},"o":{"x":0.73,"y":0},"t":227.81,"s":[520.863,361.597,0],"to":[1.167,0,0],"ti":[1.667,0,0]},{"t":254.245510355631,"s":[510.863,361.597,0]}],"ix":2,"x":"var $bm_rt;\nvar range, samples, on_off;\nrange = $bm_div(effect('Position - Smoothness')('ADBE Slider Control-0001'), 20);\nsamples = $bm_div(effect('Position - Blend Precision')('ADBE Slider Control-0001'), 2);\n$bm_rt = on_off = effect('Position - Blend On/Off')('ADBE Checkbox Control-0001');\nif (on_off == 1) {\n    try {\n        $bm_rt = smooth(range, samples);\n    } catch (e$$4) {\n        $bm_rt = smooth(1, 1);\n    }\n} else {\n    $bm_rt = value = value;\n}","l":2},"a":{"a":0,"k":[108.808,87.121,0],"ix":1,"l":2},"s":{"a":0,"k":[100,100,100],"ix":6,"l":2}},"ao":0,"ef":[{"ty":5,"nm":"Position - Smoothness","np":3,"mn":"ADBE Slider Control","ix":1,"en":1,"ef":[{"ty":0,"nm":"Slider","mn":"ADBE Slider Control-0001","ix":1,"v":{"a":0,"k":4,"ix":1,"x":"var $bm_rt;\n$bm_rt = clamp(value, 0, 100);"}}]},{"ty":5,"nm":"Position - Blend Precision","np":3,"mn":"ADBE Slider Control","ix":2,"en":1,"ef":[{"ty":0,"nm":"Slider","mn":"ADBE Slider Control-0001","ix":1,"v":{"a":0,"k":25,"ix":1,"x":"var $bm_rt;\n$bm_rt = clamp(value, 0, 100);"}}]},{"ty":5,"nm":"Position - Blend On/Off","np":3,"mn":"ADBE Checkbox Control","ix":3,"en":1,"ef":[{"ty":7,"nm":"Checkbox","mn":"ADBE Checkbox Control-0001","ix":1,"v":{"a":0,"k":1,"ix":1}}]},{"ty":5,"nm":"Position - Smoothness","np":3,"mn":"ADBE Slider Control","ix":4,"en":1,"ef":[{"ty":0,"nm":"Slider","mn":"ADBE Slider Control-0001","ix":1,"v":{"a":0,"k":4,"ix":1,"x":"var $bm_rt;\n$bm_rt = clamp(value, 0, 100);"}}]},{"ty":5,"nm":"Position - Blend Precision","np":3,"mn":"ADBE Slider Control","ix":5,"en":1,"ef":[{"ty":0,"nm":"Slider","mn":"ADBE Slider Control-0001","ix":1,"v":{"a":0,"k":25,"ix":1,"x":"var $bm_rt;\n$bm_rt = clamp(value, 0, 100);"}}]},{"ty":5,"nm":"Position - Blend On/Off","np":3,"mn":"ADBE Checkbox Control","ix":6,"en":1,"ef":[{"ty":7,"nm":"Checkbox","mn":"ADBE Checkbox Control-0001","ix":1,"v":{"a":0,"k":1,"ix":1}}]}],"shapes":[{"ty":"gr","it":[{"ind":0,"ty":"sh","ix":1,"ks":{"a":0,"k":{"i":[[17.269,-20.558],[0.239,17.578],[-63.295,-0.136],[-4.112,-18.091],[-5.756,-26.314],[0,0],[5.756,26.314],[16.446,0.33],[22.203,-13.158],[15.624,11.512]],"o":[[0,0],[-0.583,-42.739],[51.044,0.11],[0,0],[5.756,26.315],[0,0],[-5.757,-26.315],[-16.447,-0.33],[-22.202,13.157],[0,0]],"v":[[-99.552,76.734],[-107.975,-20.153],[-2.138,-86.735],[59.307,-46.185],[102.802,-18.903],[84.605,86.871],[70.819,42.267],[41.128,-0.481],[-18.079,13.168],[-78.108,16.457]],"c":true},"ix":2},"nm":"Path 1","mn":"ADBE Vector Shape - Group","hd":false},{"ty":"fl","c":{"a":0,"k":[0,0,0],"ix":4},"o":{"a":0,"k":100,"ix":5},"r":1,"bm":0,"nm":"Fill 1","mn":"ADBE Vector Graphic - Fill","hd":false},{"ty":"tr","p":{"a":0,"k":[108.807,87.121],"ix":2},"a":{"a":0,"k":[0,0],"ix":1},"s":{"a":0,"k":[100,100],"ix":3},"r":{"a":0,"k":0,"ix":6},"o":{"a":0,"k":100,"ix":7},"sk":{"a":0,"k":0,"ix":4},"sa":{"a":0,"k":0,"ix":5},"nm":"Transform"}],"nm":"Group 1","np":2,"cix":2,"bm":0,"ix":1,"mn":"ADBE Vector Group","hd":false}],"ip":0,"op":256.243510437012,"st":0,"bm":0},{"ddd":0,"ind":3,"ty":4,"nm":"Face","sr":1,"ks":{"o":{"a":0,"k":100,"ix":11},"r":{"a":0,"k":0,"ix":10},"p":{"a":0,"k":[504.718,451.828,0],"ix":2,"l":2},"a":{"a":0,"k":[100.7,117.593,0],"ix":1,"l":2},"s":{"a":0,"k":[100,100,100],"ix":6,"l":2}},"ao":0,"shapes":[{"ty":"gr","it":[{"ind":0,"ty":"sh","ix":1,"ks":{"a":0,"k":{"i":[[3.95,0.002],[-7.853,-83.666],[-59.251,-1.395],[-8.819,51.014],[45.026,14.761]],"o":[[-70.34,-0.033],[4.688,49.939],[61.751,1.452],[8.07,-46.692],[-3.12,-1.022]],"v":[[13.576,-117.31],[-92.596,2.773],[-2.971,115.891],[92.379,-0.91],[31.676,-114.116]],"c":true},"ix":2},"nm":"Path 1","mn":"ADBE Vector Shape - Group","hd":false},{"ty":"fl","c":{"a":0,"k":[1,1,1],"ix":4},"o":{"a":0,"k":100,"ix":5},"r":1,"bm":0,"nm":"Fill 1","mn":"ADBE Vector Graphic - Fill","hd":false},{"ty":"tr","p":{"a":0,"k":[100.699,117.593],"ix":2},"a":{"a":0,"k":[0,0],"ix":1},"s":{"a":0,"k":[100,100],"ix":3},"r":{"a":0,"k":0,"ix":6},"o":{"a":0,"k":100,"ix":7},"sk":{"a":0,"k":0,"ix":4},"sa":{"a":0,"k":0,"ix":5},"nm":"Transform"}],"nm":"Group 1","np":2,"cix":2,"bm":0,"ix":1,"mn":"ADBE Vector Group","hd":false}],"ip":0,"op":256.243510437012,"st":0,"bm":0},{"ddd":0,"ind":4,"ty":4,"nm":"Ears","sr":1,"ks":{"o":{"a":0,"k":100,"ix":11},"r":{"a":0,"k":0,"ix":10},"p":{"a":1,"k":[{"i":{"x":0.27,"y":1},"o":{"x":0.73,"y":0},"t":0,"s":[502.534,458.599,0],"to":[1.833,0,0],"ti":[0.5,0,0]},{"i":{"x":0.27,"y":1},"o":{"x":0.73,"y":0},"t":24.88,"s":[513.534,458.599,0],"to":[-0.5,0,0],"ti":[1.833,-1.833,0]},{"i":{"x":0.27,"y":1},"o":{"x":0.73,"y":0},"t":57.536,"s":[499.534,458.599,0],"to":[-1.833,1.833,0],"ti":[-0.5,1.167,0]},{"i":{"x":0.27,"y":1},"o":{"x":0.73,"y":0},"t":84.748,"s":[502.534,469.599,0],"to":[0.5,-1.167,0],"ti":[-1.5,3,0]},{"i":{"x":0.27,"y":1},"o":{"x":0.73,"y":0},"t":115.071,"s":[502.534,451.599,0],"to":[1.5,-3,0],"ti":[1.5,-3,0]},{"i":{"x":0.27,"y":1},"o":{"x":0.73,"y":0},"t":142.284,"s":[511.534,451.599,0],"to":[-1.5,3,0],"ti":[-0.333,-1.167,0]},{"i":{"x":0.27,"y":1},"o":{"x":0.73,"y":0},"t":171.052,"s":[493.534,469.599,0],"to":[0.333,1.167,0],"ti":[-1,1.833,0]},{"i":{"x":0.27,"y":1},"o":{"x":0.73,"y":0},"t":198.264,"s":[513.534,458.599,0],"to":[1,-1.833,0],"ti":[1.833,0,0]},{"i":{"x":0.27,"y":1},"o":{"x":0.73,"y":0},"t":227.81,"s":[499.534,458.599,0],"to":[-1.833,0,0],"ti":[-0.5,0,0]},{"t":254.245510355631,"s":[502.534,458.599,0]}],"ix":2,"x":"var $bm_rt;\nvar range, samples, on_off;\nrange = $bm_div(effect('Position - Smoothness')('ADBE Slider Control-0001'), 20);\nsamples = $bm_div(effect('Position - Blend Precision')('ADBE Slider Control-0001'), 2);\n$bm_rt = on_off = effect('Position - Blend On/Off')('ADBE Checkbox Control-0001');\nif (on_off == 1) {\n    try {\n        $bm_rt = smooth(range, samples);\n    } catch (e$$4) {\n        $bm_rt = smooth(1, 1);\n    }\n} else {\n    $bm_rt = value = value;\n}","l":2},"a":{"a":0,"k":[138.499,54.754,0],"ix":1,"l":2},"s":{"a":0,"k":[100,100,100],"ix":6,"l":2}},"ao":0,"ef":[{"ty":5,"nm":"Position - Smoothness","np":3,"mn":"ADBE Slider Control","ix":1,"en":1,"ef":[{"ty":0,"nm":"Slider","mn":"ADBE Slider Control-0001","ix":1,"v":{"a":0,"k":4,"ix":1,"x":"var $bm_rt;\n$bm_rt = clamp(value, 0, 100);"}}]},{"ty":5,"nm":"Position - Blend Precision","np":3,"mn":"ADBE Slider Control","ix":2,"en":1,"ef":[{"ty":0,"nm":"Slider","mn":"ADBE Slider Control-0001","ix":1,"v":{"a":0,"k":25,"ix":1,"x":"var $bm_rt;\n$bm_rt = clamp(value, 0, 100);"}}]},{"ty":5,"nm":"Position - Blend On/Off","np":3,"mn":"ADBE Checkbox Control","ix":3,"en":1,"ef":[{"ty":7,"nm":"Checkbox","mn":"ADBE Checkbox Control-0001","ix":1,"v":{"a":0,"k":1,"ix":1}}]},{"ty":5,"nm":"Position - Smoothness","np":3,"mn":"ADBE Slider Control","ix":4,"en":1,"ef":[{"ty":0,"nm":"Slider","mn":"ADBE Slider Control-0001","ix":1,"v":{"a":0,"k":4,"ix":1,"x":"var $bm_rt;\n$bm_rt = clamp(value, 0, 100);"}}]},{"ty":5,"nm":"Position - Blend Precision","np":3,"mn":"ADBE Slider Control","ix":5,"en":1,"ef":[{"ty":0,"nm":"Slider","mn":"ADBE Slider Control-0001","ix":1,"v":{"a":0,"k":25,"ix":1,"x":"var $bm_rt;\n$bm_rt = clamp(value, 0, 100);"}}]},{"ty":5,"nm":"Position - Blend On/Off","np":3,"mn":"ADBE Checkbox Control","ix":6,"en":1,"ef":[{"ty":7,"nm":"Checkbox","mn":"ADBE Checkbox Control-0001","ix":1,"v":{"a":0,"k":1,"ix":1}}]}],"shapes":[{"ty":"gr","it":[{"ind":0,"ty":"sh","ix":1,"ks":{"a":0,"k":{"i":[[0,0],[-19.196,-19.882],[33.594,15.083]],"o":[[0,0],[19.196,19.881],[0,0]],"v":[[-27.766,-20.911],[16.111,-34.622],[-35.307,39.421]],"c":true},"ix":2},"nm":"Path 1","mn":"ADBE Vector Shape - Group","hd":false},{"ty":"fl","c":{"a":0,"k":[1,1,1],"ix":4},"o":{"a":0,"k":100,"ix":5},"r":1,"bm":0,"nm":"Fill 1","mn":"ADBE Vector Graphic - Fill","hd":false},{"ty":"tr","p":{"a":0,"k":[233.441,54.754],"ix":2},"a":{"a":0,"k":[0,0],"ix":1},"s":{"a":0,"k":[100,100],"ix":3},"r":{"a":0,"k":0,"ix":6},"o":{"a":0,"k":100,"ix":7},"sk":{"a":0,"k":0,"ix":4},"sa":{"a":0,"k":0,"ix":5},"nm":"Transform"}],"nm":"Group 1","np":2,"cix":2,"bm":0,"ix":1,"mn":"ADBE Vector Group","hd":false},{"ty":"gr","it":[{"ind":0,"ty":"sh","ix":1,"ks":{"a":0,"k":{"i":[[0,0],[19.196,-19.882],[-33.594,15.083]],"o":[[0,0],[-19.197,19.881],[0,0]],"v":[[27.766,-20.911],[-16.11,-34.622],[35.308,39.421]],"c":true},"ix":2},"nm":"Path 1","mn":"ADBE Vector Shape - Group","hd":false},{"ty":"fl","c":{"a":0,"k":[1,1,1],"ix":4},"o":{"a":0,"k":100,"ix":5},"r":1,"bm":0,"nm":"Fill 1","mn":"ADBE Vector Graphic - Fill","hd":false},{"ty":"tr","p":{"a":0,"k":[43.557,54.754],"ix":2},"a":{"a":0,"k":[0,0],"ix":1},"s":{"a":0,"k":[100,100],"ix":3},"r":{"a":0,"k":0,"ix":6},"o":{"a":0,"k":100,"ix":7},"sk":{"a":0,"k":0,"ix":4},"sa":{"a":0,"k":0,"ix":5},"nm":"Transform"}],"nm":"Group 2","np":2,"cix":2,"bm":0,"ix":2,"mn":"ADBE Vector Group","hd":false}],"ip":0,"op":256.243510437012,"st":0,"bm":0},{"ddd":0,"ind":5,"ty":4,"nm":"Neck tt","td":1,"sr":1,"ks":{"o":{"a":0,"k":100,"ix":11},"r":{"a":0,"k":0,"ix":10},"p":{"a":0,"k":[497.505,575.324,0],"ix":2,"l":2},"a":{"a":0,"k":[43.586,29.044,0],"ix":1,"l":2},"s":{"a":0,"k":[100,143.188,100],"ix":6,"l":2}},"ao":0,"shapes":[{"ty":"gr","it":[{"ind":0,"ty":"sh","ix":1,"ks":{"a":0,"k":{"i":[[-1.355,-7.999],[-25.42,28.227],[0.206,7.635],[0,0]],"o":[[16.659,29.902],[5.83,-14.374],[0,0],[0.738,6.752]],"v":[[48.836,11.425],[-46.085,12.402],[-39.706,-25.635],[40.043,-28.794]],"c":true},"ix":2},"nm":"Path 1","mn":"ADBE Vector Shape - Group","hd":false},{"ty":"fl","c":{"a":0,"k":[0.608,0.384,0.263],"ix":4},"o":{"a":0,"k":100,"ix":5},"r":1,"bm":0,"nm":"Fill 1","mn":"ADBE Vector Graphic - Fill","hd":false},{"ty":"tr","p":{"a":0,"k":[43.586,29.044],"ix":2},"a":{"a":0,"k":[0,0],"ix":1},"s":{"a":0,"k":[100,100],"ix":3},"r":{"a":0,"k":0,"ix":6},"o":{"a":0,"k":100,"ix":7},"sk":{"a":0,"k":0,"ix":4},"sa":{"a":0,"k":0,"ix":5},"nm":"Transform"}],"nm":"Group 1","np":2,"cix":2,"bm":0,"ix":1,"mn":"ADBE Vector Group","hd":false}],"ip":0,"op":256.243510437012,"st":0,"bm":0},{"ddd":0,"ind":6,"ty":4,"nm":"Shape Layer 1","parent":2,"tt":1,"sr":1,"ks":{"o":{"a":0,"k":100,"ix":11},"r":{"a":0,"k":0,"ix":10},"p":{"a":0,"k":[97.945,225.524,0],"ix":2,"l":2},"a":{"a":0,"k":[0,0,0],"ix":1,"l":2},"s":{"a":0,"k":[100,76.633,100],"ix":6,"l":2}},"ao":0,"shapes":[{"ty":"gr","it":[{"ind":0,"ty":"sh","ix":1,"ks":{"a":0,"k":{"i":[[0,22],[12.5,-1],[-42,0]],"o":[[-15.5,1],[0,7.5],[42,0]],"v":[[60,21.5],[-52,23.5],[-1,94]],"c":true},"ix":2},"nm":"Path 1","mn":"ADBE Vector Shape - Group","hd":false},{"ty":"st","c":{"a":0,"k":[0.329,0.635,0.949],"ix":3},"o":{"a":0,"k":100,"ix":4},"w":{"a":0,"k":0,"ix":5},"lc":1,"lj":1,"ml":4,"bm":0,"nm":"Stroke 1","mn":"ADBE Vector Graphic - Stroke","hd":false},{"ty":"gf","o":{"a":0,"k":100,"ix":10},"r":1,"bm":0,"g":{"p":3,"k":{"a":0,"k":[0,1,0.89,0.69,0.5,1,0.945,0.845,1,1,1,1],"ix":9}},"s":{"a":0,"k":[0,0],"ix":5},"e":{"a":0,"k":[-1.494,89.888],"ix":6},"t":1,"nm":"Gradient Fill 1","mn":"ADBE Vector Graphic - G-Fill","hd":false},{"ty":"tr","p":{"a":0,"k":[0,0],"ix":2},"a":{"a":0,"k":[0,0],"ix":1},"s":{"a":0,"k":[106.374,150.237],"ix":3},"r":{"a":0,"k":0,"ix":6},"o":{"a":0,"k":100,"ix":7},"sk":{"a":0,"k":0,"ix":4},"sa":{"a":0,"k":0,"ix":5},"nm":"Transform"}],"nm":"Shape 1","np":3,"cix":2,"bm":0,"ix":1,"mn":"ADBE Vector Group","hd":false}],"ip":0,"op":256.243510437012,"st":0,"bm":0},{"ddd":0,"ind":7,"ty":4,"nm":"Shape Layer 3","td":1,"sr":1,"ks":{"o":{"a":0,"k":100,"ix":11},"r":{"a":0,"k":0,"ix":10},"p":{"a":0,"k":[500,368,0],"ix":2,"l":2},"a":{"a":0,"k":[-1,-83,0],"ix":1,"l":2},"s":{"a":0,"k":[100,100,100],"ix":6,"l":2}},"ao":0,"shapes":[{"ty":"gr","it":[{"d":1,"ty":"el","s":{"a":0,"k":[354,354],"ix":2},"p":{"a":0,"k":[0,0],"ix":3},"nm":"Ellipse Path 1","mn":"ADBE Vector Shape - Ellipse","hd":false},{"ty":"st","c":{"a":0,"k":[0.329,0.635,0.949],"ix":3},"o":{"a":0,"k":100,"ix":4},"w":{"a":0,"k":0,"ix":5},"lc":1,"lj":1,"ml":4,"bm":0,"nm":"Stroke 1","mn":"ADBE Vector Graphic - Stroke","hd":false},{"ty":"fl","c":{"a":0,"k":[0.295271031997,0.592278933058,0.627450980392,1],"ix":4},"o":{"a":0,"k":100,"ix":5},"r":1,"bm":0,"nm":"Fill 1","mn":"ADBE Vector Graphic - Fill","hd":false},{"ty":"tr","p":{"a":0,"k":[-1,95],"ix":2},"a":{"a":0,"k":[0,0],"ix":1},"s":{"a":0,"k":[100,100],"ix":3},"r":{"a":0,"k":0,"ix":6},"o":{"a":0,"k":100,"ix":7},"sk":{"a":0,"k":0,"ix":4},"sa":{"a":0,"k":0,"ix":5},"nm":"Transform"}],"nm":"Ellipse 2","np":3,"cix":2,"bm":0,"ix":1,"mn":"ADBE Vector Group","hd":false},{"ty":"gr","it":[{"d":1,"ty":"el","s":{"a":0,"k":[354,354],"ix":2},"p":{"a":0,"k":[0,0],"ix":3},"nm":"Ellipse Path 1","mn":"ADBE Vector Shape - Ellipse","hd":false},{"ty":"st","c":{"a":0,"k":[0.329,0.635,0.949],"ix":3},"o":{"a":0,"k":100,"ix":4},"w":{"a":0,"k":0,"ix":5},"lc":1,"lj":1,"ml":4,"bm":0,"nm":"Stroke 1","mn":"ADBE Vector Graphic - Stroke","hd":false},{"ty":"fl","c":{"a":0,"k":[0.295271031997,0.592278933058,0.627450980392,1],"ix":4},"o":{"a":0,"k":100,"ix":5},"r":1,"bm":0,"nm":"Fill 1","mn":"ADBE Vector Graphic - Fill","hd":false},{"ty":"tr","p":{"a":0,"k":[-1,95],"ix":2},"a":{"a":0,"k":[0,0],"ix":1},"s":{"a":0,"k":[100,100],"ix":3},"r":{"a":0,"k":0,"ix":6},"o":{"a":0,"k":100,"ix":7},"sk":{"a":0,"k":0,"ix":4},"sa":{"a":0,"k":0,"ix":5},"nm":"Transform"}],"nm":"Ellipse 1","np":3,"cix":2,"bm":0,"ix":2,"mn":"ADBE Vector Group","hd":false}],"ip":0,"op":256.243510437012,"st":0,"bm":0},{"ddd":0,"ind":8,"ty":4,"nm":"Body","tt":1,"sr":1,"ks":{"o":{"a":0,"k":100,"ix":11},"r":{"a":0,"k":0,"ix":10},"p":{"a":0,"k":[500.454,632.243,0],"ix":2,"l":2},"a":{"a":0,"k":[216.186,93.962,0],"ix":1,"l":2},"s":{"a":0,"k":[100,100,100],"ix":6,"l":2}},"ao":0,"shapes":[{"ty":"gr","it":[{"ind":0,"ty":"sh","ix":1,"ks":{"a":0,"k":{"i":[[0,0],[38.918,0],[0,0],[-1.828,8.652],[0,0],[0.205,7.635],[0,0],[-1.355,-7.999]],"o":[[0,0],[-45.392,0],[3.945,-10.455],[0,0],[3.364,-15.853],[0,0],[0.739,6.752],[3.606,21.239]],"v":[[51.733,19.423],[4.344,46.046],[-51.734,21.843],[-43.251,-6.946],[-43.239,-6.946],[-39.607,-42.887],[40.14,-46.046],[43.432,-23.344]],"c":true},"ix":2},"nm":"Path 1","mn":"ADBE Vector Shape - Group","hd":false},{"ty":"fl","c":{"a":0,"k":[1,1,1],"ix":4},"o":{"a":0,"k":100,"ix":5},"r":1,"bm":0,"nm":"Fill 1","mn":"ADBE Vector Graphic - Fill","hd":false},{"ty":"tr","p":{"a":0,"k":[213.139,46.296],"ix":2},"a":{"a":0,"k":[0,0],"ix":1},"s":{"a":0,"k":[100,100],"ix":3},"r":{"a":0,"k":0,"ix":6},"o":{"a":0,"k":100,"ix":7},"sk":{"a":0,"k":0,"ix":4},"sa":{"a":0,"k":0,"ix":5},"nm":"Transform"}],"nm":"Group 1","np":2,"cix":2,"bm":0,"ix":1,"mn":"ADBE Vector Group","hd":false},{"ty":"gr","it":[{"ind":0,"ty":"sh","ix":1,"ks":{"a":0,"k":{"i":[[-14.905,-7.595],[45.501,0],[6.406,18.131],[-1.826,0.967],[0,0],[0,0],[-4.155,-0.653],[-4.131,-0.401],[-22.381,5.375],[-0.039,0.007]],"o":[[-5.437,23.403],[-49.946,0],[13.418,-7.043],[0.213,-0.111],[0,0],[4.131,0.929],[4.115,0.669],[22.798,2.243],[0.031,-0.008],[0,0]],"v":[[73.331,-23.093],[1.79,35.912],[-73.331,-22.636],[-48.487,-35.747],[-48.172,-35.912],[-44.875,-35.173],[-32.441,-32.795],[-20.071,-31.191],[48.173,-35.889],[48.282,-35.912]],"c":true},"ix":2},"nm":"Path 1","mn":"ADBE Vector Shape - Group","hd":false},{"ty":"fl","c":{"a":0,"k":[0,0,0],"ix":4},"o":{"a":0,"k":100,"ix":5},"r":1,"bm":0,"nm":"Fill 1","mn":"ADBE Vector Graphic - Fill","hd":false},{"ty":"tr","p":{"a":0,"k":[214.396,90.633],"ix":2},"a":{"a":0,"k":[0,0],"ix":1},"s":{"a":0,"k":[100,100],"ix":3},"r":{"a":0,"k":0,"ix":6},"o":{"a":0,"k":100,"ix":7},"sk":{"a":0,"k":0,"ix":4},"sa":{"a":0,"k":0,"ix":5},"nm":"Transform"}],"nm":"Group 2","np":2,"cix":2,"bm":0,"ix":2,"mn":"ADBE Vector Group","hd":false},{"ty":"gr","it":[{"ind":0,"ty":"sh","ix":1,"ks":{"a":0,"k":{"i":[[0,0],[0,0],[-26.07,10.435],[-25.048,12.827],[-8.893,4.627],[-0.92,0.48],[-6.091,3.203],[-1.826,0.968],[0,0],[0,0],[-4.155,-0.653],[-4.132,-0.402],[-22.381,5.375],[-0.039,0.008],[-14.905,-7.595],[-7.46,-3.778],[-0.952,-0.48],[-3.786,-1.904],[-4.092,-2.038],[-11.364,-4.548]],"o":[[0,0],[0,0],[10.538,-4.211],[9.302,-4.762],[0.936,-0.487],[7.287,-3.801],[13.417,-7.043],[0.212,-0.11],[0,0],[4.132,0.929],[4.116,0.669],[22.797,2.242],[0.032,-0.008],[0,0],[6.194,3.163],[0.944,0.472],[3.651,1.842],[4.028,2.03],[27.842,13.936],[26.063,10.435]],"v":[[215.935,66.476],[-215.936,66.476],[-185.52,2.168],[-125.791,-26.885],[-98.178,-41.145],[-95.385,-42.601],[-75.12,-53.201],[-50.277,-66.311],[-49.963,-66.476],[-46.666,-65.737],[-34.232,-63.36],[-21.861,-61.754],[46.382,-66.453],[46.492,-66.476],[71.54,-53.657],[92.221,-43.136],[95.062,-41.704],[106.237,-36.069],[118.442,-29.939],[185.528,2.168]],"c":true},"ix":2},"nm":"Path 1","mn":"ADBE Vector Shape - Group","hd":false},{"ty":"fl","c":{"a":0,"k":[0,0,0],"ix":4},"o":{"a":0,"k":100,"ix":5},"r":1,"bm":0,"nm":"Fill 1","mn":"ADBE Vector Graphic - Fill","hd":false},{"ty":"tr","p":{"a":0,"k":[216.185,121.197],"ix":2},"a":{"a":0,"k":[0,0],"ix":1},"s":{"a":0,"k":[100,100],"ix":3},"r":{"a":0,"k":0,"ix":6},"o":{"a":0,"k":100,"ix":7},"sk":{"a":0,"k":0,"ix":4},"sa":{"a":0,"k":0,"ix":5},"nm":"Transform"}],"nm":"Group 4","np":2,"cix":2,"bm":0,"ix":3,"mn":"ADBE Vector Group","hd":false}],"ip":0,"op":256.243510437012,"st":0,"bm":0},{"ddd":0,"ind":9,"ty":4,"nm":"Back Hair","sr":1,"ks":{"o":{"a":0,"k":100,"ix":11},"r":{"a":0,"k":0,"ix":10},"p":{"a":1,"k":[{"i":{"x":0.27,"y":1},"o":{"x":0.73,"y":0},"t":0,"s":[510.863,361.597,0],"to":[1.167,0,0],"ti":[1.333,0,0]},{"i":{"x":0.27,"y":1},"o":{"x":0.73,"y":0},"t":24.88,"s":[517.863,361.597,0],"to":[-1.333,0,0],"ti":[1.167,-1.833,0]},{"i":{"x":0.27,"y":1},"o":{"x":0.73,"y":0},"t":57.536,"s":[502.863,361.597,0],"to":[-1.167,1.833,0],"ti":[-1.333,1.167,0]},{"i":{"x":0.27,"y":1},"o":{"x":0.73,"y":0},"t":84.748,"s":[510.863,372.597,0],"to":[1.333,-1.167,0],"ti":[-0.5,3,0]},{"i":{"x":0.27,"y":1},"o":{"x":0.73,"y":0},"t":115.071,"s":[510.863,354.597,0],"to":[0.5,-3,0],"ti":[1.5,-3,0]},{"i":{"x":0.27,"y":1},"o":{"x":0.73,"y":0},"t":142.284,"s":[513.863,354.597,0],"to":[-1.5,3,0],"ti":[-0.667,-1.167,0]},{"i":{"x":0.27,"y":1},"o":{"x":0.73,"y":0},"t":171.052,"s":[501.863,372.597,0],"to":[0.667,1.167,0],"ti":[-0.167,1.833,0]},{"i":{"x":0.27,"y":1},"o":{"x":0.73,"y":0},"t":198.264,"s":[517.863,361.597,0],"to":[0.167,-1.833,0],"ti":[1.167,0,0]},{"i":{"x":0.27,"y":1},"o":{"x":0.73,"y":0},"t":227.81,"s":[502.863,361.597,0],"to":[-1.167,0,0],"ti":[-1.333,0,0]},{"t":254.245510355631,"s":[510.863,361.597,0]}],"ix":2,"x":"var $bm_rt;\nvar range, samples, on_off;\nrange = $bm_div(effect('Position - Smoothness')('ADBE Slider Control-0001'), 20);\nsamples = $bm_div(effect('Position - Blend Precision')('ADBE Slider Control-0001'), 2);\n$bm_rt = on_off = effect('Position - Blend On/Off')('ADBE Checkbox Control-0001');\nif (on_off == 1) {\n    try {\n        $bm_rt = smooth(range, samples);\n    } catch (e$$4) {\n        $bm_rt = smooth(1, 1);\n    }\n} else {\n    $bm_rt = value = value;\n}","l":2},"a":{"a":0,"k":[108.808,87.121,0],"ix":1,"l":2},"s":{"a":0,"k":[100,100,100],"ix":6,"l":2}},"ao":0,"ef":[{"ty":5,"nm":"Position - Smoothness","np":3,"mn":"ADBE Slider Control","ix":1,"en":1,"ef":[{"ty":0,"nm":"Slider","mn":"ADBE Slider Control-0001","ix":1,"v":{"a":0,"k":4,"ix":1,"x":"var $bm_rt;\n$bm_rt = clamp(value, 0, 100);"}}]},{"ty":5,"nm":"Position - Blend Precision","np":3,"mn":"ADBE Slider Control","ix":2,"en":1,"ef":[{"ty":0,"nm":"Slider","mn":"ADBE Slider Control-0001","ix":1,"v":{"a":0,"k":25,"ix":1,"x":"var $bm_rt;\n$bm_rt = clamp(value, 0, 100);"}}]},{"ty":5,"nm":"Position - Blend On/Off","np":3,"mn":"ADBE Checkbox Control","ix":3,"en":1,"ef":[{"ty":7,"nm":"Checkbox","mn":"ADBE Checkbox Control-0001","ix":1,"v":{"a":0,"k":1,"ix":1}}]},{"ty":5,"nm":"Position - Smoothness","np":3,"mn":"ADBE Slider Control","ix":4,"en":1,"ef":[{"ty":0,"nm":"Slider","mn":"ADBE Slider Control-0001","ix":1,"v":{"a":0,"k":4,"ix":1,"x":"var $bm_rt;\n$bm_rt = clamp(value, 0, 100);"}}]},{"ty":5,"nm":"Position - Blend Precision","np":3,"mn":"ADBE Slider Control","ix":5,"en":1,"ef":[{"ty":0,"nm":"Slider","mn":"ADBE Slider Control-0001","ix":1,"v":{"a":0,"k":25,"ix":1,"x":"var $bm_rt;\n$bm_rt = clamp(value, 0, 100);"}}]},{"ty":5,"nm":"Position - Blend On/Off","np":3,"mn":"ADBE Checkbox Control","ix":6,"en":1,"ef":[{"ty":7,"nm":"Checkbox","mn":"ADBE Checkbox Control-0001","ix":1,"v":{"a":0,"k":1,"ix":1}}]}],"shapes":[{"ty":"gr","it":[{"ind":0,"ty":"sh","ix":1,"ks":{"a":0,"k":{"i":[[17.269,-20.558],[0.239,17.578],[-63.295,-0.136],[-4.112,-18.091],[-5.756,-26.314],[0,0],[5.756,26.314],[16.446,0.33],[22.203,-13.158],[15.624,11.512]],"o":[[0,0],[-0.583,-42.739],[51.044,0.11],[0,0],[5.756,26.315],[0,0],[-5.757,-26.315],[-16.447,-0.33],[-22.202,13.157],[0,0]],"v":[[-99.552,76.734],[-107.975,-20.153],[-2.138,-86.735],[59.307,-46.185],[102.802,-18.903],[84.605,86.871],[70.819,42.267],[41.128,-0.481],[-18.079,13.168],[-78.108,16.457]],"c":true},"ix":2},"nm":"Path 1","mn":"ADBE Vector Shape - Group","hd":false},{"ty":"fl","c":{"a":0,"k":[0,0,0],"ix":4},"o":{"a":0,"k":100,"ix":5},"r":1,"bm":0,"nm":"Fill 1","mn":"ADBE Vector Graphic - Fill","hd":false},{"ty":"tr","p":{"a":0,"k":[108.807,87.121],"ix":2},"a":{"a":0,"k":[0,0],"ix":1},"s":{"a":0,"k":[100,100],"ix":3},"r":{"a":0,"k":0,"ix":6},"o":{"a":0,"k":100,"ix":7},"sk":{"a":0,"k":0,"ix":4},"sa":{"a":0,"k":0,"ix":5},"nm":"Transform"}],"nm":"Group 1","np":2,"cix":2,"bm":0,"ix":1,"mn":"ADBE Vector Group","hd":false}],"ip":0,"op":256.243510437012,"st":0,"bm":0},{"ddd":0,"ind":10,"ty":4,"nm":"Shape Layer 2","sr":1,"ks":{"o":{"a":0,"k":100,"ix":11},"r":{"a":0,"k":0,"ix":10},"p":{"a":0,"k":[500,549,0],"ix":2,"l":2},"a":{"a":0,"k":[-1,98,0],"ix":1,"l":2},"s":{"a":0,"k":[100,100,100],"ix":6,"l":2}},"ao":0,"shapes":[{"ty":"gr","it":[{"d":1,"ty":"el","s":{"a":0,"k":[354,354],"ix":2},"p":{"a":0,"k":[0,0],"ix":3},"nm":"Ellipse Path 1","mn":"ADBE Vector Shape - Ellipse","hd":false},{"ty":"fl","c":{"a":0,"k":[0.827,0.824,0.71],"ix":4},"o":{"a":0,"k":100,"ix":5},"r":1,"bm":0,"nm":"Fill 1","mn":"ADBE Vector Graphic - Fill","hd":false},{"ty":"tr","p":{"a":0,"k":[-1,95],"ix":2},"a":{"a":0,"k":[0,0],"ix":1},"s":{"a":0,"k":[100,100],"ix":3},"r":{"a":0,"k":0,"ix":6},"o":{"a":0,"k":100,"ix":7},"sk":{"a":0,"k":0,"ix":4},"sa":{"a":0,"k":0,"ix":5},"nm":"Transform"}],"nm":"Ellipse 2","np":3,"cix":2,"bm":0,"ix":1,"mn":"ADBE Vector Group","hd":false},{"ty":"gr","it":[{"d":1,"ty":"el","s":{"a":0,"k":[354,354],"ix":2},"p":{"a":0,"k":[0,0],"ix":3},"nm":"Ellipse Path 1","mn":"ADBE Vector Shape - Ellipse","hd":false},{"ty":"fl","c":{"a":0,"k":[0.827,0.824,0.71],"ix":4},"o":{"a":0,"k":100,"ix":5},"r":1,"bm":0,"nm":"Fill 1","mn":"ADBE Vector Graphic - Fill","hd":false},{"ty":"tr","p":{"a":0,"k":[-1,95],"ix":2},"a":{"a":0,"k":[0,0],"ix":1},"s":{"a":0,"k":[100,100],"ix":3},"r":{"a":0,"k":0,"ix":6},"o":{"a":0,"k":100,"ix":7},"sk":{"a":0,"k":0,"ix":4},"sa":{"a":0,"k":0,"ix":5},"nm":"Transform"}],"nm":"Ellipse 1","np":3,"cix":2,"bm":0,"ix":2,"mn":"ADBE Vector Group","hd":false}],"ip":0,"op":256.243510437012,"st":0,"bm":0}]}],"layers":[{"ddd":0,"ind":1,"ty":0,"nm":"plus","refId":"comp_0","sr":1,"ks":{"o":{"a":0,"k":100,"ix":11},"r":{"a":0,"k":0,"ix":10},"p":{"a":0,"k":[73.5,83.1,0],"ix":2,"l":2},"a":{"a":0,"k":[20.5,20.5,0],"ix":1,"l":2},"s":{"a":0,"k":[81.463,81.463,100],"ix":6,"l":2}},"ao":0,"w":41,"h":41,"ip":0,"op":462.000018817646,"st":0,"bm":0},{"ddd":0,"ind":2,"ty":0,"nm":"Avatar 44","refId":"comp_1","sr":1,"ks":{"o":{"a":0,"k":100,"ix":11},"r":{"a":0,"k":0,"ix":10},"p":{"a":0,"k":[47,50,0],"ix":2,"l":2},"a":{"a":0,"k":[500,500,0],"ix":1,"l":2},"s":{"a":0,"k":[10.4,10.4,100],"ix":6,"l":2}},"ao":0,"w":1000,"h":1000,"ip":0,"op":234.964809570312,"st":0,"bm":0},{"ddd":0,"ind":3,"ty":0,"nm":"Male","refId":"comp_2","sr":1,"ks":{"o":{"a":0,"k":100,"ix":11},"r":{"a":0,"k":0,"ix":10},"p":{"a":0,"k":[96.2,50.5,0],"ix":2,"l":2},"a":{"a":0,"k":[500,500,0],"ix":1,"l":2},"s":{"a":0,"k":[14.88,14.88,100],"ix":6,"l":2}},"ao":0,"w":1000,"h":1000,"ip":0,"op":256.243510437012,"st":0,"bm":0}],"markers":[]}