{
  "project_info": {
    "project_number": "16010950092",
    "project_id": "smart-chat-3ec9e",
    "storage_bucket": "smart-chat-3ec9e.appspot.com"
  },
  "client": [
    {
      "client_info": {
        "mobilesdk_app_id": "1:16010950092:android:c8b324733c577d345f9969",
        "android_client_info": {
          "package_name": "com.example.smartchat"
        }
      },
      "oauth_client": [],
      "api_key": [
        {
          "current_key": "AIzaSyDBM8aEFVNKIcjpzU1HwnLMQ5qAA56MhuE"
        }
      ],
      "services": {
        "appinvite_service": {
          "other_platform_oauth_client": []
        }
      }
    }
  ],
  "configuration_version": "1"
}